Job ID,Job URL,Job Title,Company Name,Status,Timestamp,WP ID
21e6522088961a30,https://www.linkedin.com/jobs/view/utility-locator-at-usic-4449022720,Utility Locator,USIC,failed|wp_post_failed,2026-08-07T18:15:38.387214,
ca4013ce2f648232,https://www.linkedin.com/jobs/view/roadway-worker-in-charge-rwic-at-national-railroad-safety-services-inc-nrss-4449988281,Roadway Worker In Charge (RWIC),"National Railroad Safety Services, Inc. (NRSS)",failed|wp_post_failed,2026-08-07T18:15:56.648214,
65af3879a7dc3e4d,https://www.linkedin.com/jobs/view/to-go-specialist-at-chuy-s-restaurants-4447420963,To Go Specialist,Chuy's Restaurants,failed|wp_post_failed,2026-08-07T18:16:14.619311,
1c794c590251d654,https://www.linkedin.com/jobs/view/lot-attendant-porter-at-peltier-kia-tyler-4449460297,Lot Attendant/Porter,Peltier Kia Tyler,failed|wp_post_failed,2026-08-07T18:16:32.489229,
9780e16714383671,https://www.linkedin.com/jobs/view/janitor-busser-at-chuy-s-restaurants-4447639145,Janitor/Busser,Chuy's Restaurants,failed|wp_post_failed,2026-08-07T18:16:51.469110,
b0cae1e555488b30,https://www.linkedin.com/jobs/view/delivery-driver-store-08030-at-domino-s-4446268567,Delivery Driver Store (08030),Domino's,failed|wp_post_failed,2026-08-07T18:17:16.899373,
fa8e138d6dcf01cb,https://www.linkedin.com/jobs/view/employee-in-charge-eic-at-national-railroad-safety-services-inc-nrss-4448392852,Employee In Charge (EIC),"National Railroad Safety Services, Inc. (NRSS)",failed|wp_post_failed,2026-08-07T18:17:36.594066,
753c98739eabf29c,https://www.linkedin.com/jobs/view/meat-cutter-at-bubba-s-33-4397879192,Meat Cutter,Bubba's 33,failed|wp_post_failed,2026-08-07T18:17:55.325556,
de6bb4b103d329e4,https://www.linkedin.com/jobs/view/public-area-attendant-at-courtyard-by-marriott-tyler-4450032914,Public Area Attendant,Courtyard by Marriott Tyler,failed|wp_post_failed,2026-08-07T18:18:13.883675,
4c3249b2b5b1fa9e,https://www.linkedin.com/jobs/view/home-sales-inspector-at-rollins-inc-4450344873,Home Sales Inspector,"Rollins, Inc.",failed|wp_post_failed,2026-08-07T18:18:32.315489,
b4887d8a16e96404,https://www.linkedin.com/jobs/view/resource-coordinator-at-terracon-4445912809,Resource Coordinator,Terracon,failed|wp_post_failed,2026-08-07T18:18:52.567873,
3b7796eca22fd035,https://www.linkedin.com/jobs/view/maintenance-technician-at-walmart-4432497469,Maintenance Technician,Walmart,failed|wp_post_failed,2026-08-07T18:19:11.201100,
8eb6c495f09af615,https://www.linkedin.com/jobs/view/ben-mccarthy-at-raid-talks-on-research-ai-and-design-4449467095,Ben McCarthy,"raid: talks on research, ai, and design",failed|wp_post_failed,2026-08-07T18:19:32.207445,
7f9a49baede665ae,https://www.linkedin.com/jobs/view/barista-at-aramark-4449366736,Barista,Aramark,failed|wp_post_failed,2026-08-07T18:19:49.867737,
4e2219a7389b9c8a,https://www.linkedin.com/jobs/view/special-agent-%2440-000-recruitment-incentive-at-u-s-secret-service-4400220352,"Special Agent, $40,000 Recruitment Incentive",U.S. Secret Service,failed|wp_post_failed,2026-08-07T18:20:09.504648,
8fb65542ff28b7a0,https://www.linkedin.com/jobs/view/construction-project-coordinator-at-batson-cook-texas-llc-4445787203,Construction Project Coordinator,"Batson-Cook Texas, LLC.",failed|wp_post_failed,2026-08-07T18:20:27.726319,
95a53375fffe167b,https://www.linkedin.com/jobs/view/prep-cook-at-bubba-s-33-4396750267,Prep Cook,Bubba's 33,failed|wp_post_failed,2026-08-07T18:20:45.316902,
87d16c4785532882,https://www.linkedin.com/jobs/view/maintenance-technician-at-delta-sands-4449427934,Maintenance Technician,Delta Sands,failed|wp_post_failed,2026-08-07T18:21:03.768656,
d31ac6976f0027b3,https://www.linkedin.com/jobs/view/join-a-thriving-hospital-and-at-student-interest-group-in-neurology-at-dartmouth-geisel-school-of-medicine-4448034108,Join a Thriving Hospital and ...,Student Interest Group in Neurology at Dartmouth Geisel School of Medicine,failed|wp_post_failed,2026-08-07T18:21:22.579266,
87c5863f52828dcb,https://www.linkedin.com/jobs/view/shift-manager-at-mcdonald-s-4411960342,Shift Manager,McDonald's,failed|wp_post_failed,2026-08-07T18:21:40.269099,
e0334d4b5518f744,https://www.linkedin.com/jobs/view/team-member-at-tsg-restaurants-4448905951,Team Member,TSG Restaurants,failed|wp_post_failed,2026-08-07T18:21:58.091576,
4f024db5bcfd2ac0,https://www.linkedin.com/jobs/view/head-cashier-at-sprouts-farmers-market-4449794041,Head Cashier,Sprouts Farmers Market,failed|wp_post_failed,2026-08-07T18:22:16.808887,
37532ee2836ddb2e,https://www.linkedin.com/jobs/view/etx-field-motorhand-i-at-nabors-industries-4443609113,ETX FIELD.MOTORHAND I,Nabors Industries,failed|wp_post_failed,2026-08-07T18:22:35.753705,
f67e1481392ee036,https://www.linkedin.com/jobs/view/optician-at-eyecare-partners-4422118679,Optician,EyeCare Partners,failed|wp_post_failed,2026-08-07T18:22:53.186529,
7fc94a32a06a2f9f,https://www.linkedin.com/jobs/view/tyler-pipe-cupola-controller-at-mcwane-india-private-limited-4447346375,Tyler Pipe - Cupola Controller,McWane India Private Limited,failed|wp_post_failed,2026-08-07T18:23:15.494660,
82afc5283226ff5f,https://www.linkedin.com/jobs/view/delivery-specialist-hub-at-o-reilly-auto-parts-4402533642,Delivery Specialist - Hub,O'Reilly Auto Parts,failed|wp_post_failed,2026-08-07T18:23:33.955823,
4af76c0d61dba6f3,https://www.linkedin.com/jobs/view/assistant-manager-broadway-square-hollister-at-abercrombie-fitch-co-4411778261,"Assistant Manager - Broadway Square, Hollister",Abercrombie &amp; Fitch Co.,failed|wp_post_failed,2026-08-07T18:23:52.908774,
fc72f0c31412dbc9,https://www.linkedin.com/jobs/view/restaurant-team-member-at-papa-johns-4441125515,Restaurant Team Member,Papa Johns,failed|wp_post_failed,2026-08-07T18:24:11.508499,
624f8101d5b6e98c,https://www.linkedin.com/jobs/view/superx-at-all-ai-directory-4448118061,SuperX,All Ai Directory,failed|wp_post_failed,2026-08-07T18:24:28.899038,
8351a3231227bb72,https://www.linkedin.com/jobs/view/live-hanger-1st-and-2nd-shift-at-wayne-sanderson-farms-4448214136,Live Hanger 1st and 2nd Shift,Wayne-Sanderson Farms,failed|wp_post_failed,2026-08-07T18:24:46.232889,
e59b25f0173bd40e,https://www.linkedin.com/jobs/view/u-s-rig-based-positions-at-h-p-4439956743,U.S. Rig Based Positions,H&amp;P,failed|wp_post_failed,2026-08-07T18:25:05.181669,
0bd56a0a84d9cb85,https://www.linkedin.com/jobs/view/gas-laborer-groundman-at-mastec-power-delivery-4448893656,GAS Laborer/Groundman,MasTec Power Delivery,failed|wp_post_failed,2026-08-07T18:25:23.272234,
ebed4d6432647106,https://www.linkedin.com/jobs/view/task-associate-at-ulta-beauty-4430721241,Task Associate,Ulta Beauty,failed|wp_post_failed,2026-08-07T18:25:41.089518,
c9d6619440c56bb6,https://www.linkedin.com/jobs/view/teachers-at-tyler-kindercare-at-kindercare-learning-companies-4447589292,Teachers at Tyler KinderCare,KinderCare Learning Companies,failed|wp_post_failed,2026-08-07T18:25:59.614869,
bcd213ad3123bdea,https://www.linkedin.com/jobs/view/delivery-specialist-at-o-reilly-auto-parts-4365319849,Delivery Specialist,O'Reilly Auto Parts,failed|wp_post_failed,2026-08-07T18:26:17.376894,
2a5c4dcecf5915fa,https://www.linkedin.com/jobs/view/laborer-at-wanzek-construction-inc-a-mastec-company-4449310161,Laborer,"Wanzek Construction, Inc., a MasTec Company",failed|wp_post_failed,2026-08-07T18:26:35.954085,
5e39495920229c85,https://www.linkedin.com/jobs/view/store-trainer-at-brookshire-grocery-company-4449404723,Store Trainer,Brookshire Grocery Company,failed|wp_post_failed,2026-08-07T18:26:54.197843,
2ca3da7181e305b5,https://www.linkedin.com/jobs/view/beauty-supervisor-broadway-square-mall-at-victoria%E2%80%99s-secret-co-4448662529,Beauty Supervisor-Broadway Square Mall,Victoria’s Secret &amp; Co.,failed|wp_post_failed,2026-08-07T18:27:12.355676,
333e41587857b9e1,https://www.linkedin.com/jobs/view/etx-field-floorhand-i-at-nabors-industries-4443297520,ETX FIELD.FLOORHAND I,Nabors Industries,failed|wp_post_failed,2026-08-07T18:27:29.998318,
e517f2bec8faf02c,https://www.linkedin.com/jobs/view/quality-and-compliance-specialist-at-arrow-child-family-ministries-4447329744,Quality and Compliance Specialist,Arrow Child &amp; Family Ministries,failed|wp_post_failed,2026-08-07T18:27:47.986691,
4da574a47d37a036,https://www.linkedin.com/jobs/view/account-executive-uniform-sales-at-vestis-corporation-4448809160,Account Executive uniform Sales,Vestis Corporation,failed|wp_post_failed,2026-08-07T18:28:06.847012,
028b039d256bd8df,https://www.linkedin.com/jobs/view/risk-finance-coordinator-at-csi-companies-4450642406,Risk Finance Coordinator,CSI Companies,failed|wp_post_failed,2026-08-07T18:28:24.408403,
05129017b50161a7,https://www.linkedin.com/jobs/view/special-agent-at-federal-bureau-of-investigation-fbi-4329907483,Special Agent,Federal Bureau of Investigation (FBI),failed|wp_post_failed,2026-08-07T18:28:42.632180,
5bb61df30fb15b35,https://www.linkedin.com/jobs/view/surveillance-investigator-at-allied-universal-4450070269,Surveillance Investigator,Allied Universal,failed|wp_post_failed,2026-08-07T18:29:02.143063,
54539979f86e307b,https://www.linkedin.com/jobs/view/retail-supervisor-the-village-at-cumberland-pa-at-bath-body-works-4448494848,Retail Supervisor-The Village at Cumberland Pa,Bath &amp; Body Works,failed|wp_post_failed,2026-08-07T18:29:20.605766,
0388a1801fbc13ce,https://www.linkedin.com/jobs/view/alterations-customer-service-representative-at-david-s-bridal-4440936650,Alterations Customer Service Representative,David's Bridal,failed|wp_post_failed,2026-08-07T18:29:38.918380,
4b8e5f0a6295d328,https://www.linkedin.com/jobs/view/lead-cashier-at-ulta-beauty-4449732956,Lead Cashier,Ulta Beauty,failed|wp_post_failed,2026-08-07T18:29:57.653650,
d8dba13871de1b40,https://www.linkedin.com/jobs/view/lead-maintenance-at-barge-properties-management-company-4448559598,Lead Maintenance,Barge Properties Management Company,failed|wp_post_failed,2026-08-07T18:30:19.349613,
494e891866c89913,https://www.linkedin.com/jobs/view/retail-associates-at-hobby-lobby-4416347614,Retail Associates,Hobby Lobby,failed|wp_post_failed,2026-08-07T18:30:38.763491,
fafefbdadf54b22d,https://www.linkedin.com/jobs/view/electric-utility-field-technician-at-techserv-engineering-4449404162,Electric Utility - Field Technician,TechServ Engineering,failed|wp_post_failed,2026-08-07T18:30:57.820872,
f74b3726ebd40519,https://www.linkedin.com/jobs/view/assistant-property-assistant-at-broad-management-group-llc-4450214147,Assistant Property Assistant,Broad Management Group LLC,failed|wp_post_failed,2026-08-07T18:31:17.051651,
80753fd3c522c6eb,https://www.linkedin.com/jobs/view/operations-maintenance-worker-iv-at-tarrant-regional-water-district-4440056572,Operations Maintenance Worker IV,Tarrant Regional Water District,failed|wp_post_failed,2026-08-07T18:31:36.402785,
9e5dd1ffbe3f3f01,https://www.linkedin.com/jobs/view/training-engagement-coordinator-job-description-at-home-instead-4449316199,Training & Engagement Coordinator Job Description,Home Instead,failed|wp_post_failed,2026-08-07T18:31:57.258441,
3f0c6264f89329c8,https://www.linkedin.com/jobs/view/gas-skilled-lab-groundman-at-mastec-power-delivery-4447704368,GAS Skilled Lab/Groundman,MasTec Power Delivery,failed|wp_post_failed,2026-08-07T18:32:16.515583,
1aba79bcc8b7057a,https://www.linkedin.com/jobs/view/service-advisor-at-mercedes-benz-of-tyler-4448454372,Service Advisor,Mercedes-Benz of Tyler,failed|wp_post_failed,2026-08-07T18:32:34.780622,
6ca52ed87074eb56,https://www.linkedin.com/jobs/view/radiology-tech-at-ut-health-east-texas-4448672563,Radiology Tech,UT Health East Texas,failed|wp_post_failed,2026-08-07T18:32:52.773344,
ff88dc6a4d674cbc,https://www.linkedin.com/jobs/view/usa-member-specialist-at-sam-s-club-4438436086,(USA) Member Specialist,Sam's Club,failed|wp_post_failed,2026-08-07T18:33:12.159224,
ba0ee5e5c79dc43b,https://www.linkedin.com/jobs/view/district-support-pharmacist-ft-at-cvs-health-4448971068,District Support Pharmacist - FT,CVS Health,failed|wp_post_failed,2026-08-07T18:33:33.438900,
4810c1623f5c12a3,https://www.linkedin.com/jobs/view/teller-i-float-at-southside-bank-4450647347,Teller I Float,Southside Bank,failed|wp_post_failed,2026-08-07T18:33:53.419246,
22be2ad6d9c55872,https://www.linkedin.com/jobs/view/01740/,"1,000+Regional Clinical Research Associate Jobs in United States",,failed|wp_post_failed,2026-08-07T18:33:57.433415,
b4ecf55e0f28875f,https://www.linkedin.com/jobs/view/ophthalmic-tester-at-eyecare-partners-4440576369,Ophthalmic Tester,EyeCare Partners,failed|wp_post_failed,2026-08-07T18:34:15.874133,
94a5adec9d8f1126,https://www.linkedin.com/jobs/view/tyler-pipe-emt-safety-technician-3rd-shift-at-mcwane-india-private-limited-4446602271,"Tyler Pipe - EMT/Safety Technician, 3rd Shift",McWane India Private Limited,failed|wp_post_failed,2026-08-07T18:34:38.683893,
6960375dde4f162c,https://www.linkedin.com/jobs/view/quality-control-specialist-i-at-southside-bank-4448203058,Quality Control Specialist I,Southside Bank,failed|wp_post_failed,2026-08-07T18:34:57.547367,
ae4507cf388fcd5f,https://www.linkedin.com/jobs/view/floor-technician-at-sodexo-4449022919,Floor Technician,,scraped,2026-08-07T18:35:00.541862,
b1ed7466f81e861c,https://www.linkedin.com/jobs/view/full-time-fulfillment-associate-day-at-lowe-s-companies-inc-4448812796,Full Time - Fulfillment Associate - Day,"Lowe's Companies, Inc.",failed|wp_post_failed,2026-08-07T18:35:22.937158,
1fa100810f73221b,https://www.linkedin.com/jobs/view/retail-front-end-supervisor-full-time-at-burlington-stores-inc-4431199136,Retail Front End Supervisor - Full-Time,"Burlington Stores, Inc.",failed|wp_post_failed,2026-08-07T18:35:41.748068,
3ca60cf2d8602733,https://www.linkedin.com/jobs/view/property-maintenance-supervisor-at-broad-management-group-llc-4450218034,Property Maintenance Supervisor,Broad Management Group LLC,failed|wp_post_failed,2026-08-07T18:36:00.142294,
c3386946c0e2ba55,https://www.linkedin.com/jobs/view/part-sales-manager-%E2%80%93-full-time-at-autozone-4447636287,Part Sales Manager – Full Time,AutoZone,failed|wp_post_failed,2026-08-07T18:36:19.347380,
4199caa12e31cf09,https://www.linkedin.com/jobs/view/wet-plant-board-operator-at-delta-sands-4449437665,Wet Plant Board Operator,Delta Sands,failed|wp_post_failed,2026-08-07T18:36:37.327854,
54139c8fff101532,https://www.linkedin.com/jobs/view/auto-care-center-service-manager-at-walmart-4440380188,Auto Care Center Service Manager,Walmart,failed|wp_post_failed,2026-08-07T18:36:55.360983,
bd7b41373d7ca3ef,https://www.linkedin.com/jobs/view/server-at-chuy-s-restaurants-4447426270,Server,Chuy's Restaurants,failed|wp_post_failed,2026-08-07T18:37:15.200628,
6b9fb2e5c6d5358c,https://www.linkedin.com/jobs/view/delivery-driver-store-06559-at-domino-s-4445542733,Delivery Driver Store (06559),Domino's,failed|wp_post_failed,2026-08-07T18:37:34.288093,
084cb8807235980b,https://www.linkedin.com/jobs/view/driver-laundry-and-linen-at-christus-health-4447312498,Driver - Laundry and Linen,CHRISTUS Health,failed|wp_post_failed,2026-08-07T18:37:52.697134,
a62f1f575aacd904,https://www.linkedin.com/jobs/view/driver-laundry-and-linen-at-christus-health-4438756990,Driver - Laundry and Linen,CHRISTUS Health,scraped,2026-08-07T18:37:57.188059,
b55960f75a208532,https://www.linkedin.com/jobs/view/freezer-associate-1st-shift-at-wayne-farms-4446275246,Freezer Associate 1st Shift,Wayne Farms,failed|wp_post_failed,2026-08-07T18:38:15.593196,
e3c7c54e14c09e81,https://www.linkedin.com/jobs/view/online-order-filling-team-supervisor-at-walmart-4450616905,Online Order Filling Team Supervisor,Walmart,failed|wp_post_failed,2026-08-07T18:38:33.325109,
588c9b4fff546a6b,https://www.linkedin.com/jobs/view/auto-care-center-technician-at-walmart-4449452337,Auto Care Center Technician,Walmart,failed|wp_post_failed,2026-08-07T18:38:50.878223,
445e2ba872cf2b5d,https://www.linkedin.com/jobs/view/general-manager-at-mcdonald-s-4432183663,General Manager,McDonald's,failed|wp_post_failed,2026-08-07T18:39:08.384495,
6e4b7e486260dfae,https://www.linkedin.com/jobs/view/general-manager-at-mcdonald-s-4432184377,General Manager,McDonald's,scraped,2026-08-07T18:39:12.601523,
90ad031e2d7be9ba,https://www.linkedin.com/jobs/view/customer-service-rep-pizza-maker-store-06438-at-domino-s-4446266467,Customer Service Rep / Pizza Maker Store (06438),Domino's,failed|wp_post_failed,2026-08-07T18:39:31.702638,
9edad530458b18ec,https://www.linkedin.com/jobs/view/customer-service-rep-pizza-maker-store-06963-at-domino-s-4446278273,Customer Service Rep / Pizza Maker Store (06963),Domino's,failed|wp_post_failed,2026-08-07T18:39:49.527097,
4b7e48b25b90b24a,https://www.linkedin.com/jobs/view/janitorial-associate-at-walmart-4449436406,Janitorial Associate,Walmart,failed|wp_post_failed,2026-08-07T18:40:08.269807,
7520317ab61ced11,https://www.linkedin.com/jobs/view/customer-service-rep-pizza-maker-store-06962-at-domino-s-4446280165,Customer Service Rep / Pizza Maker Store (06962),Domino's,failed|wp_post_failed,2026-08-07T18:40:26.640416,
3707471e227aebe1,https://www.linkedin.com/jobs/view/line-associate-debone-2nd-shift-at-wayne-sanderson-farms-4448552365,Line Associate - Debone 2nd Shift,Wayne-Sanderson Farms,failed|wp_post_failed,2026-08-07T18:40:44.725874,
998d5cb7888e7e29,https://www.linkedin.com/jobs/view/line-cook-at-chuy-s-restaurants-4447683334,Line Cook,Chuy's Restaurants,failed|wp_post_failed,2026-08-07T18:41:02.679328,
dd37c57e87087989,https://www.linkedin.com/jobs/view/production-washroom-operator-at-vestis-corporation-4449932214,Production Washroom Operator,Vestis Corporation,failed|wp_post_failed,2026-08-07T18:41:21.002615,
6c7a08a4eb0cafd7,https://www.linkedin.com/jobs/view/production-washroom-operator-at-vestis-corporation-4448616853,Production Washroom Operator,Vestis Corporation,scraped,2026-08-07T18:41:25.003814,
47a903a0f0625c50,https://www.linkedin.com/jobs/view/front-end-manager-at-brookshire-grocery-company-4449408632,Front End Manager,Brookshire Grocery Company,failed|wp_post_failed,2026-08-07T18:41:43.797558,
e54d1b4ac7fdff2c,https://www.linkedin.com/jobs/view/direct-support-professional-ii-at-texas-health-and-human-services-4448466367,Direct Support Professional II,Texas Health and Human Services,failed|wp_post_failed,2026-08-07T18:42:01.790910,
980a47a688208883,https://www.linkedin.com/jobs/view/service-team-at-panda-restaurant-group-4193973980,Service Team,Panda Restaurant Group,failed|wp_post_failed,2026-08-07T18:42:19.389108,
c1771dccbd35706f,https://www.linkedin.com/jobs/view/usa-vision-center-manager-nl-1-at-walmart-4448935263,(USA) Vision Center Manager NL 1,Walmart,failed|wp_post_failed,2026-08-07T18:42:37.387733,
40c666f0824a1909,https://www.linkedin.com/jobs/view/retail-merchandiser-zone-5-at-brookshire-grocery-company-4447729022,Retail Merchandiser - Zone 5,Brookshire Grocery Company,failed|wp_post_failed,2026-08-07T18:42:56.136278,
2e5d390b192ab567,https://www.linkedin.com/jobs/view/feed-mill-truck-driver-nights-at-wayne-farms-4448076694,Feed Mill Truck Driver - Nights,Wayne Farms,failed|wp_post_failed,2026-08-07T18:43:13.838683,
10df3aa33927093b,https://www.linkedin.com/jobs/view/health-beauty-ta-at-walmart-4449444925,Health & Beauty TA,Walmart,failed|wp_post_failed,2026-08-07T18:43:31.288529,
b11c870f2da55dba,https://www.linkedin.com/jobs/view/rehab-therapy-tech-ii-work-center-at-texas-health-and-human-services-4448314289,Rehab Therapy Tech II/Work Center,Texas Health and Human Services,failed|wp_post_failed,2026-08-07T18:43:48.855807,
561b3f4c3d050d6a,https://www.linkedin.com/jobs/view/assistant-branch-manager-at-southside-bank-4447183625,Assistant Branch Manager,Southside Bank,failed|wp_post_failed,2026-08-07T18:44:07.485519,
ab9a419dc09b2183,https://www.linkedin.com/jobs/view/guest-coordinator-at-ulta-beauty-4448671068,Guest Coordinator,Ulta Beauty,failed|wp_post_failed,2026-08-07T18:44:24.958575,
41a432ee946b379c,https://www.linkedin.com/jobs/view/category-manager-market-at-brookshire-grocery-company-4448663410,Category Manager - Market,Brookshire Grocery Company,failed|wp_post_failed,2026-08-07T18:44:43.017194,
22a93da7d0078dcb,https://www.linkedin.com/jobs/view/cook-indeed-event-at-panda-restaurant-group-4440795286,Cook (Indeed Event),Panda Restaurant Group,failed|wp_post_failed,2026-08-07T18:45:01.461428,
da13cef4417b62da,https://www.linkedin.com/jobs/view/assistant-manager-indeed-event-at-panda-restaurant-group-4440774919,Assistant Manager (Indeed Event),Panda Restaurant Group,failed|wp_post_failed,2026-08-07T18:45:20.362870,
9207f096ecc46c7b,https://www.linkedin.com/jobs/view/automotive-technician-at-bridgestone-americas-4447421515,Automotive Technician,Bridgestone Americas,failed|wp_post_failed,2026-08-07T18:45:37.951247,
c1bb8a50497d5d58,https://www.linkedin.com/jobs/view/shift-manager-at-mcdonald-s-4432187231,Shift Manager,McDonald's,failed|wp_post_failed,2026-08-07T18:45:56.539376,
c792bae65437d1d5,https://www.linkedin.com/jobs/view/commercial-drywall-estimator-at-gpac-4448059531,Commercial Drywall Estimator,gpac,failed|wp_post_failed,2026-08-07T18:46:15.251840,
4317e378f9f00966,https://www.linkedin.com/jobs/view/phlebotomist-tyler-texas-at-clinical-pathology-laboratories-4447712022,"Phlebotomist - Tyler, Texas",Clinical Pathology Laboratories,failed|wp_post_failed,2026-08-07T18:46:32.778138,
d328f2281e9c6676,https://www.linkedin.com/jobs/view/line-cook-at-saltgrass-steak-house-4447427149,Line Cook,Saltgrass Steak House,failed|wp_post_failed,2026-08-07T18:46:51.443871,
e78ef4c0057e9f89,https://www.linkedin.com/jobs/view/general-manager-09245-at-domino-s-4445547645,General Manager (09245),Domino's,failed|wp_post_failed,2026-08-07T18:47:09.985438,
a1f28c5aeae7471a,https://www.linkedin.com/jobs/view/beauty-advisor-at-ulta-beauty-4447573168,Beauty Advisor,Ulta Beauty,failed|wp_post_failed,2026-08-07T18:47:27.776489,
3322ba9566aca926,https://www.linkedin.com/jobs/view/pharmacy-operations-team-lead-at-walmart-4431610677,Pharmacy Operations Team Lead,Walmart,failed|wp_post_failed,2026-08-07T18:47:45.803858,
ac123b7fcbf0d289,https://www.linkedin.com/jobs/view/physical-therapist-assistant-at-avir-health-group-4448537690,Physical Therapist Assistant,Avir Health Group,failed|wp_post_failed,2026-08-07T18:48:03.734666,
3be8e6d327f5abc3,https://www.linkedin.com/jobs/view/regional-safety-and-fleet-specialist-at-volkert-inc-4437699266,Regional Safety and Fleet Specialist,"Volkert, Inc.",failed|wp_post_failed,2026-08-07T18:48:20.899226,
c333e921932c8c00,https://www.linkedin.com/jobs/view/pharmacy-manager-at-cvs-health-4448954967,Pharmacy Manager,CVS Health,failed|wp_post_failed,2026-08-07T18:48:38.271222,
06e729c48c1ee08f,https://www.linkedin.com/jobs/view/generator-mechanic-service-technician-at-generator-supercenter-of-tampa-bay-4447358101,Generator Mechanic/Service Technician,Generator Supercenter of Tampa Bay,failed|wp_post_failed,2026-08-07T18:49:00.244109,
bd5464cfc49c9920,https://www.linkedin.com/jobs/view/site-access-foreman-at-rogers-o-brien-construction-4436635290,Site Access Foreman,Rogers-O'Brien Construction,failed|wp_post_failed,2026-08-07T18:49:18.778665,
cbf073d517f83b6a,https://www.linkedin.com/jobs/view/server-at-hooky-entertainment-4449790231,Server,Hooky Entertainment,failed|wp_post_failed,2026-08-07T18:49:37.103473,
4e289840fb149c5d,https://www.linkedin.com/jobs/view/assistant-store-manager-at-ross-stores-inc-4409621563,Assistant Store Manager,"Ross Stores, Inc.",failed|wp_post_failed,2026-08-07T18:49:55.366058,
df853d0ee821dde4,https://www.linkedin.com/jobs/view/field-mechanic-at-myr-group-4423096873,Field Mechanic,MYR Group,failed|wp_post_failed,2026-08-07T18:50:14.750845,
ff160df8d9301ee0,https://www.linkedin.com/jobs/view/sales-associate-at-oxxo-usa-southwest-convenience-stores-llc-4448305446,Sales Associate,"OXXO USA (Southwest Convenience Stores, LLC)",failed|wp_post_failed,2026-08-07T18:50:32.967534,
424cb9a3c1be7313,https://www.linkedin.com/jobs/view/tdcj-program-specialist-i-maintenance-office-a-at-texas-department-of-criminal-justice-4450284659,TDCJ - Program Specialist I - Maintenance Office A,Texas Department Of Criminal Justice,failed|wp_post_failed,2026-08-07T18:50:50.723457,
a2a2727e8f032ccc,https://www.linkedin.com/jobs/view/pharmacy-technician-pharm-tech-apprenticeship-at-walgreens-4447805545,Pharmacy Technician / Pharm Tech Apprenticeship,Walgreens,failed|wp_post_failed,2026-08-07T18:51:08.912684,
db985ca2da04e772,https://www.linkedin.com/jobs/view/sales-coordinator-at-clayton-4448650839,Sales Coordinator,Clayton,failed|wp_post_failed,2026-08-07T18:51:26.841118,
7365656e4f9e447a,https://www.linkedin.com/jobs/view/line-cook-at-hooky-entertainment-4449799015,Line Cook,Hooky Entertainment,failed|wp_post_failed,2026-08-07T18:51:44.415545,
842f7aa79049c728,https://www.linkedin.com/jobs/view/pickleball-coach-private-in-tyler-teachme-to-at-teachme-to-4448929130,Pickleball Coach (Private) in Tyler | TeachMe.To,TeachMe.To,failed|wp_post_failed,2026-08-07T18:52:02.430659,
b3faccd9a44b4b8f,https://www.linkedin.com/jobs/view/athletic-trainer-at-ut-health-east-texas-4448682331,Athletic Trainer,UT Health East Texas,failed|wp_post_failed,2026-08-07T18:52:20.577269,
e91e50470f101a21,https://www.linkedin.com/jobs/view/store-manager-at-panda-restaurant-group-4447637877,Store Manager,Panda Restaurant Group,failed|wp_post_failed,2026-08-07T18:52:38.309548,
41077c8ee9563e69,https://www.linkedin.com/jobs/view/audit-senior-at-gollob-morgan-peddy-inc-4441267465,Audit Senior,Gollob Morgan Peddy Inc,failed|wp_post_failed,2026-08-07T18:52:56.256398,
a80e8b955f348bce,https://www.linkedin.com/jobs/view/maintenance-manager-at-trane-technologies-4450047451,Maintenance Manager,Trane Technologies,failed|wp_post_failed,2026-08-07T18:53:14.410902,
4e6bc8042b6fdeb2,https://www.linkedin.com/jobs/view/merchandising-sales-associate-at-tractor-supply-company-4447812862,Merchandising Sales Associate,Tractor Supply Company,failed|wp_post_failed,2026-08-07T18:53:32.690010,
a1fe887b4e493c02,https://www.linkedin.com/jobs/view/generator-mechanic-service-technician-at-generator-supercenter-4446635245,Generator Mechanic/Service Technician,Generator Supercenter,failed|wp_post_failed,2026-08-07T18:53:50.542812,
49f35b6ceb778bef,https://www.linkedin.com/jobs/view/training-engagement-coordinator-at-home-instead-4449127968,Training & Engagement Coordinator,Home Instead,failed|wp_post_failed,2026-08-07T18:54:09.228892,
5ee0972b82b27351,https://www.linkedin.com/jobs/view/remote-therapist-texas-at-talkiatry-4388891221,Remote Therapist - Texas,Talkiatry,failed|wp_post_failed,2026-08-07T18:54:27.056613,
bec97db7cfc740a6,https://www.linkedin.com/jobs/view/loading-dock-specialist-weekend-shift-at-red-dot-buildings-metal-building-systems-4446245430,Loading Dock Specialist- Weekend Shift,Red Dot Buildings (Metal Building Systems),failed|wp_post_failed,2026-08-07T18:54:45.194154,
7d00477fe2528a93,https://www.linkedin.com/jobs/view/assistant-manager-i-at-dollar-tree-stores-4431169813,Assistant Manager I,Dollar Tree Stores,failed|wp_post_failed,2026-08-07T18:55:03.585850,
51e3b9e1fe914838,https://www.linkedin.com/jobs/view/foodservice-worker-at-sfe-southwest-foodservice-excellence-4437682862,Foodservice Worker,SFE- Southwest Foodservice Excellence,failed|wp_post_failed,2026-08-07T18:55:21.668065,
9418d560aece501c,https://www.linkedin.com/jobs/view/qa-qc-inspector-at-wanzek-construction-inc-a-mastec-company-4449746888,QA/QC Inspector,"Wanzek Construction, Inc., a MasTec Company",failed|wp_post_failed,2026-08-07T18:55:40.078775,
f421c19391e573c6,https://www.linkedin.com/jobs/view/rig-mechanic-at-h-p-4439992678,Rig-Mechanic,H&amp;P,failed|wp_post_failed,2026-08-07T18:55:58.157248,
73c07cd6847d2bda,https://www.linkedin.com/jobs/view/cna-at-sevita-4445846683,CNA,Sevita,failed|wp_post_failed,2026-08-07T18:56:15.771684,
3a94ee53e2754bb3,https://www.linkedin.com/jobs/view/restaurant-manager-chili-s-athens-tx-at-chili-s-4448964013,"Restaurant Manager - Chili's - Athens, TX",Chili's,failed|wp_post_failed,2026-08-07T18:56:31.997604,
10ce730a1e74ee24,https://www.linkedin.com/jobs/view/family-centered-treatment-practitioner-at-arrow-child-family-ministries-4447732914,Family Centered Treatment Practitioner,Arrow Child &amp; Family Ministries,failed|wp_post_failed,2026-08-07T18:56:49.794648,
7c91e006cd6d8ff3,https://www.linkedin.com/jobs/view/solar-technician-at-wanzek-construction-inc-a-mastec-company-4448545033,Solar Technician,"Wanzek Construction, Inc., a MasTec Company",failed|wp_post_failed,2026-08-07T18:57:09.090047,
66d809c8ecef92ec,https://www.linkedin.com/jobs/view/veterinary-hospital-manager-at-carevet-4449907647,Veterinary Hospital Manager,CareVet,failed|wp_post_failed,2026-08-07T18:57:26.924075,
bb0ce649ab7b9c95,https://www.linkedin.com/jobs/view/lead-medical-assistant-at-concentra-4447188403,Lead Medical Assistant,Concentra,failed|wp_post_failed,2026-08-07T18:57:45.050816,
738a1aa15400dfcb,https://www.linkedin.com/jobs/view/store-crew-at-7-eleven-4449025527,Store Crew,7-Eleven,failed|wp_post_failed,2026-08-07T18:58:02.616188,
ea444e914af8ebc2,https://www.linkedin.com/jobs/view/pediatric-home-health-cota-%E2%80%93-flexible-schedule-at-medcare-pediatric-group-lp-4449694939,Pediatric Home Health COTA – Flexible Schedule,"MedCare Pediatric Group, LP",failed|wp_post_failed,2026-08-07T18:58:20.061214,
37baf7fa14f65005,https://www.linkedin.com/jobs/view/home-health-lvn-tyler-at-reliant-at-home-4450277263,Home Health LVN - Tyler,Reliant at Home,failed|wp_post_failed,2026-08-07T18:58:38.057478,
2fc939f5edcc7672,https://www.linkedin.com/jobs/view/team-cdl-a-truck-driver-at-bulkley-trucking-4449621163,Team CDL A Truck Driver,Bulkley Trucking,failed|wp_post_failed,2026-08-07T18:58:56.442839,
a6425e6af0556176,https://www.linkedin.com/jobs/view/merchandising-sales-associate-at-tractor-supply-company-4447709210,Merchandising Sales Associate,Tractor Supply Company,failed|wp_post_failed,2026-08-07T18:59:14.208876,
b8f198cc73edafad,https://www.linkedin.com/jobs/view/customer-service-representative-wells-at-commercial-bank-of-texas-4446289271,Customer Service Representative - Wells,Commercial Bank of Texas,failed|wp_post_failed,2026-08-07T18:59:32.162638,
8c5163319df4d34d,https://www.linkedin.com/jobs/view/senior-wireless-sales-expert-tyler-tx-at-consumer-cellular-inc-4446672441,"Senior Wireless Sales Expert -Tyler, TX","Consumer Cellular, Inc.",failed|wp_post_failed,2026-08-07T18:59:50.699215,
9bb5e27d42feafdf,https://www.linkedin.com/jobs/view/roll-off-driver-at-waste-connections-4448037620,Roll Off Driver,Waste Connections,failed|wp_post_failed,2026-08-07T19:00:11.258179,
21ea6fda5843c5d7,https://www.linkedin.com/jobs/view/process-engineer-at-delek-us-4446690677,Process Engineer,Delek US,failed|wp_post_failed,2026-08-07T19:00:33.568637,
f522bdf40fafcf92,https://www.linkedin.com/jobs/view/full-time-urgent-care-pa-collaborative-team-henderson-tx-at-ut-health-east-texas-4450687288,"Full-time Urgent Care PA | Collaborative Team | Henderson, TX",UT Health East Texas,failed|wp_post_failed,2026-08-07T19:00:51.624065,
1add0eb198329dc7,https://www.linkedin.com/jobs/view/radiologic-technologist-ct-ft-nights-7pm-7am-at-complete-care-4449699720,Radiologic Technologist (CT) - FT Nights (7pm - 7am),Complete Care,failed|wp_post_failed,2026-08-07T19:01:11.151570,
32f95368dffa6360,https://www.linkedin.com/jobs/view/physical-therapist-assistant-at-encompass-health-4392054328,Physical Therapist Assistant,Encompass Health,failed|wp_post_failed,2026-08-07T19:01:30.052281,
2ab165508caecad8,https://www.linkedin.com/jobs/view/retail-compliance-and-qc-analyst-at-origin-bank-4449669305,Retail Compliance and QC Analyst,Origin Bank,failed|wp_post_failed,2026-08-07T19:01:48.322631,
6333d93d70a29386,https://www.linkedin.com/jobs/view/beauty-advisor-inside-sales-sally-beauty-03198-at-sally-beauty-4323593673,Beauty Advisor (Inside Sales) Sally Beauty 03198,Sally Beauty,failed|wp_post_failed,2026-08-07T19:02:06.175981,
cefec989dadb2a6b,https://www.linkedin.com/jobs/view/restaurant-manager-chili-s-cedar-creek-lake-tx-at-chili-s-4448957209,"Restaurant Manager - Chili's - Cedar Creek Lake, TX",Chili's,failed|wp_post_failed,2026-08-07T19:02:22.791011,
2844a69c6f596b18,https://www.linkedin.com/jobs/view/board-certified-behavior-analyst-bcba-at-action-behavior-centers-aba-therapy-for-autism-4448702640,Board Certified Behavior Analyst (BCBA),Action Behavior Centers - ABA Therapy for Autism,failed|wp_post_failed,2026-08-07T19:02:41.705236,
b28425d207842002,https://www.linkedin.com/jobs/view/commercial-truck-sales-at-hall-truck-center-4448230643,Commercial Truck Sales,Hall Truck Center,failed|wp_post_failed,2026-08-07T19:03:00.338517,
75b8e54460361682,https://www.linkedin.com/jobs/view/compliance-manager-consumer-compliance-at-crypto-com-4448785848,"Compliance Manager, Consumer Compliance",,scraped,2026-08-07T19:03:03.372388,
38bb6193dd4c7042,https://www.linkedin.com/jobs/view/operations-manager-regional-distribution-center-tyler-tx-at-target-4446290130,"Operations Manager  - Regional Distribution Center - Tyler, TX",Target,failed|wp_post_failed,2026-08-07T19:03:25.780476,
96762a58c1eaa38f,https://www.linkedin.com/jobs/view/field-warranty-performance-manager-at-trane-technologies-4447192606,Field Warranty Performance Manager,Trane Technologies,failed|wp_post_failed,2026-08-07T19:03:44.059043,
54ddf0c4cbb96653,https://www.linkedin.com/jobs/view/technician-at-connect-rentals-4450724663,Technician,Connect Rentals,failed|wp_post_failed,2026-08-07T19:04:02.354087,
0701eb7025cd10f7,https://www.linkedin.com/jobs/view/drainage-project-engineer-at-volkert-inc-4395165309,Drainage Project Engineer,"Volkert, Inc.",failed|wp_post_failed,2026-08-07T19:04:21.448620,
1026463cb4c5aa32,https://www.linkedin.com/jobs/view/clinical-specialist-urology-sacral-neuromodulation-east-texas-shreveport-la-at-boston-scientific-4448157957,"Clinical Specialist | Urology - Sacral Neuromodulation | [East] Texas / Shreveport, LA",Boston Scientific,failed|wp_post_failed,2026-08-07T19:04:40.635604,
47ab908731cd04e5,https://www.linkedin.com/jobs/view/senior-value-engineering-risk-lead-at-hdr-4255553388,Senior Value Engineering Risk Lead,HDR,failed|wp_post_failed,2026-08-07T19:04:58.945020,
e237a095ec37dfaf,https://www.linkedin.com/jobs/view/desktop-support-specialist-at-sisl-global-4448872983,Desktop Support Specialist,,scraped,2026-08-07T19:05:01.890296,
143152f8b74b9d47,https://www.linkedin.com/jobs/view/customer-service-representative-at-security-finance-4449452678,Customer Service Representative,Security Finance,failed|wp_post_failed,2026-08-07T19:05:24.828998,
74436e68a66caba3,https://www.linkedin.com/jobs/view/sub-technician-at-mastec-power-delivery-4255336028,SUB Technician,MasTec Power Delivery,failed|wp_post_failed,2026-08-07T19:05:43.496798,
0d302321b5afc4e6,https://www.linkedin.com/jobs/view/pa-orthopedics-at-christus-health-4438758772,PA - Orthopedics,CHRISTUS Health,failed|wp_post_failed,2026-08-07T19:06:01.604348,
86bff18c594719de,https://www.linkedin.com/jobs/view/assistant-manager-store-09289-at-domino-s-4446280191,Assistant Manager Store (09289),Domino's,failed|wp_post_failed,2026-08-07T19:06:19.728693,
b670e5ac93815bdd,https://www.linkedin.com/jobs/view/occupational-therapist-assistant-at-avir-health-group-4449774611,Occupational Therapist Assistant,Avir Health Group,failed|wp_post_failed,2026-08-07T19:06:38.097873,
d7398ec21641d1aa,https://www.linkedin.com/jobs/view/general-manager-at-mcdonald-s-4432199085,General Manager,McDonald's,failed|wp_post_failed,2026-08-07T19:06:55.839796,
835ae3b4015b65fc,https://www.linkedin.com/jobs/view/patient-access-representative-senior-patient-access-center-at-christus-health-4438775024,Patient Access Representative Senior - Patient Access Center,CHRISTUS Health,failed|wp_post_failed,2026-08-07T19:07:14.563393,
fe6788f206799c96,https://www.linkedin.com/jobs/view/patient-access-representative-senior-patient-access-center-at-christus-health-4438758768,Patient Access Representative Senior - Patient Access Center,CHRISTUS Health,scraped,2026-08-07T19:07:18.699481,
e26bed40591a61c4,https://www.linkedin.com/jobs/view/customer-service-rep-pizza-maker-store-08036-at-domino-s-4446270382,Customer Service Rep / Pizza Maker Store (08036),Domino's,failed|wp_post_failed,2026-08-07T19:07:37.052631,
87148338c13564ed,https://www.linkedin.com/jobs/view/general-manager-at-mcdonald-s-4432185361,General Manager,McDonald's,failed|wp_post_failed,2026-08-07T19:07:55.290497,
0280ebb8dc73a5a4,https://www.linkedin.com/jobs/view/radiology-technologist-urgent-care-at-christus-health-4445523835,Radiology Technologist - Urgent Care,CHRISTUS Health,failed|wp_post_failed,2026-08-07T19:08:12.992598,
f350eb0939cdb965,https://www.linkedin.com/jobs/view/assistant-manager-store-06559-at-domino-s-4446281122,Assistant Manager Store (06559),Domino's,failed|wp_post_failed,2026-08-07T19:08:31.021898,
27e48fda719a2fae,https://www.linkedin.com/jobs/view/assistant-manager-indeed-event-at-panda-restaurant-group-4440793307,Assistant Manager (Indeed Event),Panda Restaurant Group,failed|wp_post_failed,2026-08-07T19:08:49.498284,
34b018faa1258762,https://www.linkedin.com/jobs/view/np-pa-endocrinology-at-christus-health-4445834152,NP/ PA - Endocrinology,CHRISTUS Health,failed|wp_post_failed,2026-08-07T19:09:07.236296,
f67747c2080cddbf,https://www.linkedin.com/jobs/view/shift-manager-at-mcdonald-s-4432199118,Shift Manager,McDonald's,failed|wp_post_failed,2026-08-07T19:09:25.341267,
45009ca76e905ef9,https://www.linkedin.com/jobs/view/np-pa-endocrinology-at-christus-health-4438041284,NP/PA - Endocrinology,CHRISTUS Health,failed|wp_post_failed,2026-08-07T19:09:43.201818,
c7440191abfdf178,https://www.linkedin.com/jobs/view/patient-account-specialist-senior-tlra-support-services-at-christus-health-4445556578,Patient Account Specialist Senior - TLRA Support Services,CHRISTUS Health,failed|wp_post_failed,2026-08-07T19:10:00.963116,
ee9dfae4e700ec5f,https://www.linkedin.com/jobs/view/ccl-apprentice-i-tehuacana-creek-at-wanzek-construction-inc-a-mastec-company-4447175952,CCL Apprentice I (Tehuacana Creek),"Wanzek Construction, Inc., a MasTec Company",failed|wp_post_failed,2026-08-07T19:10:19.379499,
1ccacf3bb95d262d,https://www.linkedin.com/jobs/view/assistant-manager-store-08075-at-domino-s-4446264415,Assistant Manager Store (08075),Domino's,failed|wp_post_failed,2026-08-07T19:10:37.825553,
7278fa30ee5c6815,https://www.linkedin.com/jobs/view/shift-manager-at-mcdonald-s-4432199105,Shift Manager,McDonald's,failed|wp_post_failed,2026-08-07T19:10:55.922585,
b29b8113b3429a89,https://www.linkedin.com/jobs/view/pharmacy-technician-i-certified-general-pharmacy-at-christus-health-4445517873,Pharmacy Technician I Certified - General Pharmacy,CHRISTUS Health,failed|wp_post_failed,2026-08-07T19:11:14.085372,
b4a433fc8a991b9f,https://www.linkedin.com/jobs/view/clinic-patient-representative-senior-primary-family-medicine-at-christus-health-4448442891,Clinic Patient Representative Senior - Primary Family Medicine,CHRISTUS Health,failed|wp_post_failed,2026-08-07T19:11:32.901694,
f852ad132fe164d5,https://www.linkedin.com/jobs/view/beauty-advisor-at-ulta-beauty-4450675449,Beauty Advisor,Ulta Beauty,failed|wp_post_failed,2026-08-07T19:11:51.621454,
24adecc9e4df4022,https://www.linkedin.com/jobs/view/merchandising-sales-associate-at-tractor-supply-company-4447808970,Merchandising Sales Associate,Tractor Supply Company,failed|wp_post_failed,2026-08-07T19:12:10.015663,
834bbb06e7f27eaa,https://www.linkedin.com/jobs/view/parts-specialist-at-o-reilly-auto-parts-4421259599,Parts Specialist,O'Reilly Auto Parts,failed|wp_post_failed,2026-08-07T19:12:27.979424,
c69576afbe10ffd5,https://www.linkedin.com/jobs/view/trenchless-geotechnical-team-lead-at-hdr-4411731655,Trenchless Geotechnical Team Lead,HDR,failed|wp_post_failed,2026-08-07T19:12:46.725814,
6e23bd86573874cb,https://www.linkedin.com/jobs/view/medical-assistant-at-u-s-dermatology-partners-4436448992,Medical Assistant,U.S. Dermatology Partners,failed|wp_post_failed,2026-08-07T19:13:05.004621,
098510a10d8a9e59,https://www.linkedin.com/jobs/view/medical-assistant-at-u-s-dermatology-partners-4447568981,Medical Assistant,U.S. Dermatology Partners,scraped,2026-08-07T19:13:09.209872,
3cd71479ce1f5f1d,https://www.linkedin.com/jobs/view/medical-assistant-at-u-s-dermatology-partners-4450014689,Medical Assistant,U.S. Dermatology Partners,scraped,2026-08-07T19:13:13.188363,
d2baa48122d2a48e,https://www.linkedin.com/jobs/view/medical-assistant-at-u-s-dermatology-partners-4447575901,Medical Assistant,U.S. Dermatology Partners,scraped,2026-08-07T19:13:17.175056,
0c5c5665d1d2d8b4,https://www.linkedin.com/jobs/view/medical-assistant-at-u-s-dermatology-partners-4450014690,Medical Assistant,U.S. Dermatology Partners,scraped,2026-08-07T19:13:21.227800,
234b38a9d573c404,https://www.linkedin.com/jobs/view/medical-assistant-at-u-s-dermatology-partners-4450023494,Medical Assistant,U.S. Dermatology Partners,scraped,2026-08-07T19:13:25.163119,
4e8f93e15218a9e0,https://www.linkedin.com/jobs/view/general-manager-09289-at-domino-s-4446259584,General Manager (09289),Domino's,failed|wp_post_failed,2026-08-07T19:13:45.491104,
dc6908d566d86ff1,https://www.linkedin.com/jobs/view/echocardiogram-technician-registered-cardiology-non-invasive-at-christus-health-4447308774,Echocardiogram Technician Registered - Cardiology Non Invasive,CHRISTUS Health,failed|wp_post_failed,2026-08-07T19:14:04.341460,
aa9fbab995076100,https://www.linkedin.com/jobs/view/clinic-administrative-assistant-at-fresenius-medical-care-4449408457,Clinic Administrative Assistant,,scraped,2026-08-07T19:14:06.917184,
d3d974f81ba44c78,https://www.linkedin.com/jobs/view/health-information-management-coder-lead-coding-at-christus-health-4445559470,Health Information Management Coder Lead - Coding,CHRISTUS Health,failed|wp_post_failed,2026-08-07T19:14:29.334435,
f1b91a5a215668ac,https://www.linkedin.com/jobs/view/gas-foreman-at-mastec-power-delivery-4450635803,GAS Foreman,MasTec Power Delivery,failed|wp_post_failed,2026-08-07T19:14:47.016287,
95148851240f2ea7,https://www.linkedin.com/jobs/view/mobile-diesel-mechanic-at-rush-enterprises-inc-4449340966,Mobile Diesel Mechanic,"Rush Enterprises, Inc",failed|wp_post_failed,2026-08-07T19:15:06.064445,
87b5e608efc0351b,https://www.linkedin.com/jobs/view/cocinero-de-l%C3%ADnea-at-saltgrass-steak-house-4447638570,Cocinero De Línea,Saltgrass Steak House,failed|wp_post_failed,2026-08-07T19:15:24.856740,
e9f611166ae87b1f,https://www.linkedin.com/jobs/view/transportation-aide-cna-at-creative-solutions-in-healthcare-4449372719,Transportation Aide - CNA,Creative Solutions In HealthCare,failed|wp_post_failed,2026-08-07T19:15:43.763941,
56c2bbd3a3afeabc,https://www.linkedin.com/jobs/view/kitchen-team-at-panda-restaurant-group-4193971697,Kitchen Team,Panda Restaurant Group,failed|wp_post_failed,2026-08-07T19:16:01.853631,
c96c710ea79d7360,https://www.linkedin.com/jobs/view/higher-education-campus-executive-chef-at-american-dining-creations-4450213924,Higher Education Campus Executive Chef,American Dining Creations,failed|wp_post_failed,2026-08-07T19:16:20.649002,
aec6f5dcedf18fc1,https://www.linkedin.com/jobs/view/kitchen-manager-kerens-tx-at-casey-s-4449181909,"Kitchen Manager - Kerens, TX",Casey's,failed|wp_post_failed,2026-08-07T19:16:39.071798,
205cd1ac15aff9be,https://www.linkedin.com/jobs/view/x-ray-technician-medical-assistant-at-hca-healthcare-4440891706,X-Ray Technician - Medical Assistant,HCA Healthcare,failed|wp_post_failed,2026-08-07T19:16:57.340999,
7c9afc4de4b1b01b,https://www.linkedin.com/jobs/view/assistant-manager-store-09224-at-domino-s-4446272300,Assistant Manager Store (09224),Domino's,failed|wp_post_failed,2026-08-07T19:17:26.623929,
ed195cb629867b7d,https://www.linkedin.com/jobs/view/media-sales-representative-at-cmc-neptune-4448582003,Media Sales Representative,CMC Neptune,failed|wp_post_failed,2026-08-07T19:17:45.006465,
80cacd39419ea509,https://www.linkedin.com/jobs/view/beauty-advisor-inside-sales-sally-beauty-02479-at-sally-beauty-4062757001,Beauty Advisor (Inside Sales) Sally Beauty 02479,Sally Beauty,failed|wp_post_failed,2026-08-07T19:18:03.147693,
eb43f9edf92d2230,https://www.linkedin.com/jobs/view/merchandiser-cashier-at-o-reilly-auto-parts-4449021435,Merchandiser/Cashier,O'Reilly Auto Parts,failed|wp_post_failed,2026-08-07T19:18:22.544349,
9f94ea2de499aa4b,https://www.linkedin.com/jobs/view/social-worker-ii-at-texas-health-and-human-services-4447700329,Social Worker II,Texas Health and Human Services,failed|wp_post_failed,2026-08-07T19:18:40.874207,
fa242a442a5779c6,https://www.linkedin.com/jobs/view/store-manager-indeed-event-at-panda-restaurant-group-4440776858,Store Manager (Indeed Event),Panda Restaurant Group,failed|wp_post_failed,2026-08-07T19:18:59.558905,
b14ccc950f6aa969,https://www.linkedin.com/jobs/view/retail-sales-associate-at-best-buy-4450038830,Retail Sales Associate,Best Buy,failed|wp_post_failed,2026-08-07T19:19:17.413398,
16ff26d6de205791,https://www.linkedin.com/jobs/view/physicist-at-ut-health-east-texas-4448666677,Physicist,UT Health East Texas,failed|wp_post_failed,2026-08-07T19:19:35.828572,
c66b61067ca20198,https://www.linkedin.com/jobs/view/sales-account-executive-at-goosehead-insurance-4448236709,Sales Account Executive,Goosehead Insurance,failed|wp_post_failed,2026-08-07T19:19:54.151867,
b51361189c907b96,https://www.linkedin.com/jobs/view/application-system-analyst-at-sotalent-4448417493,Application System Analyst,SoTalent,failed|wp_post_failed,2026-08-07T19:20:13.999024,
e351d7a9831d4c75,https://www.linkedin.com/jobs/view/warehouse-associate-at-dh-pace-company-inc-4449651188,Warehouse Associate,"DH Pace Company, Inc.",failed|wp_post_failed,2026-08-07T19:20:32.977637,
fb8ca9b3ea620852,https://www.linkedin.com/jobs/view/warranty-analytics-performance-leader-at-trane-technologies-4447180847,Warranty Analytics & Performance Leader,Trane Technologies,failed|wp_post_failed,2026-08-07T19:20:51.284490,
c73cd3af0fdfc9a9,https://www.linkedin.com/jobs/view/civil-project-engineer-transportation-at-volkert-inc-4395166320,Civil Project Engineer - Transportation,"Volkert, Inc.",failed|wp_post_failed,2026-08-07T19:21:10.525399,
dae8f1a83759c8b8,https://www.linkedin.com/jobs/view/phlebotomist-float-greenville-paris-honey-grove-texas-at-clinical-pathology-laboratories-4447702895,"Phlebotomist - Float/Greenville, Paris, Honey Grove, Texas",Clinical Pathology Laboratories,failed|wp_post_failed,2026-08-07T19:21:28.161402,
f6002e9788763092,https://www.linkedin.com/jobs/view/experienced-diesel-mechanic-at-rush-enterprises-inc-4428253885,Experienced Diesel Mechanic,"Rush Enterprises, Inc",failed|wp_post_failed,2026-08-07T19:21:45.845894,
54903c34d883c861,https://www.linkedin.com/jobs/view/field-engineer-at-mastec-clean-energy-infrastructure-4430269319,Field Engineer,MasTec Clean Energy &amp; Infrastructure,failed|wp_post_failed,2026-08-07T19:22:03.827157,
22c514bb1af5080c,https://www.linkedin.com/jobs/view/mobile-equipment-operator-at-arcosa-inc-4431746346,Mobile Equipment Operator,Arcosa Inc.,failed|wp_post_failed,2026-08-07T19:22:21.919189,
4ceb00a0015ca255,https://www.linkedin.com/jobs/view/journeyman-electrician-at-express-employment-professionals-4447971095,Journeyman Electrician,Express Employment Professionals,failed|wp_post_failed,2026-08-07T19:22:39.673635,
15345f9db091a740,https://www.linkedin.com/jobs/view/usa-operations-manager-floor-fashion-import-jewelry-regional-returns-sam-s-wm-com-hmsc-at-walmart-4430265503,"(USA) Operations Manager - Floor (fashion, Import, Jewelry, Regional, Returns, Sam's, Wm.com, Hmsc)",Walmart,failed|wp_post_failed,2026-08-07T19:22:57.079369,
d2f76485d8e87b7f,https://www.linkedin.com/jobs/view/certified-medication-aide-at-bluebonnet-point-wellness-4449463200,Certified Medication Aide,Bluebonnet Point Wellness,failed|wp_post_failed,2026-08-07T19:23:15.272893,
42aef902e65fd514,https://www.linkedin.com/jobs/view/phlebotomist-greenville-texas-at-clinical-pathology-laboratories-4447701913,"Phlebotomist - Greenville, Texas",Clinical Pathology Laboratories,failed|wp_post_failed,2026-08-07T19:23:33.732593,
d6e95a9adaa9927a,https://www.linkedin.com/jobs/view/hse-manager-palestine-tx-at-verdant-specialty-solutions-4448445047,"HSE Manager- Palestine, TX",Verdant Specialty Solutions,failed|wp_post_failed,2026-08-07T19:23:51.314686,
46a2843b82ecd5a2,https://www.linkedin.com/jobs/view/warehouse-worker-at-gypsum-management-and-supply-4439105142,Warehouse Worker,Gypsum Management and Supply,failed|wp_post_failed,2026-08-07T19:24:10.228195,
d75d36f17b29ef86,https://www.linkedin.com/jobs/view/certified-nursing-assistant-cna-at-hmr-veteran-s-services-llc-4447702767,Certified Nursing Assistant (CNA),"HMR Veteran's Services, LLC",failed|wp_post_failed,2026-08-07T19:24:28.940651,
d103d73db26a1e0d,https://www.linkedin.com/jobs/view/occupational-therapist-at-azza-healthcare-agency-4448055856,Occupational Therapist,Azza HealthCare Agency,failed|wp_post_failed,2026-08-07T19:24:46.773070,
96973c36bf860c31,https://www.linkedin.com/jobs/view/veterinarian-in-tyler-tx-new-grads-welcome%21-at-vetcor-4448463488,"Veterinarian in Tyler, TX - New Grads Welcome!",Vetcor,failed|wp_post_failed,2026-08-07T19:25:04.255069,
669b15ef2adacdb0,https://www.linkedin.com/jobs/view/shuttle-driver-christus-tyler-at-metropolis-technologies-4448630256,Shuttle Driver - Christus Tyler,Metropolis Technologies,failed|wp_post_failed,2026-08-07T19:25:22.346683,
43017ab2b9c81f73,https://www.linkedin.com/jobs/view/deli-clerk-at-sprouts-farmers-market-4449155229,Deli Clerk,Sprouts Farmers Market,failed|wp_post_failed,2026-08-07T19:25:41.010157,
b852e091234e0d2c,https://www.linkedin.com/jobs/view/production-supervisor-3rd-shift-monday-thursday-at-duravent-group-4450619069,Production Supervisor - 3rd Shift (Monday - Thursday),Duravent Group,failed|wp_post_failed,2026-08-07T19:25:59.273800,
9e8ecd75a45c1e0e,https://www.linkedin.com/jobs/view/deli-bakery-team-associate-at-walmart-4449433401,Deli/Bakery Team Associate,Walmart,failed|wp_post_failed,2026-08-07T19:26:17.135590,
0227a052fb6000c4,https://www.linkedin.com/jobs/view/cdl-driver-a-at-mccarthy-building-companies-inc-4449968409,CDL Driver A,"McCarthy Building Companies, Inc.",failed|wp_post_failed,2026-08-07T19:26:36.344111,
6b2785c5013a4ec2,https://www.linkedin.com/jobs/view/pt-sales-associate-at-lovesac-4450669343,PT Sales Associate,Lovesac,failed|wp_post_failed,2026-08-07T19:26:54.429620,
5d84e64ac8cd408a,https://www.linkedin.com/jobs/view/physical-therapist-inpatient-texas-spine-and-joint-hospital-at-integrity-rehab-group-4447775965,Physical Therapist - Inpatient - Texas Spine and Joint Hospital,Integrity Rehab Group,failed|wp_post_failed,2026-08-07T19:27:12.817572,
a50b728a981db8a7,https://www.linkedin.com/jobs/view/seasonal-coach-volleyball-at-responsive-education-solutions-4422168553,Seasonal Coach (Volleyball),Responsive Education Solutions,failed|wp_post_failed,2026-08-07T19:27:32.119425,
d2c5ea2005e02fe0,https://www.linkedin.com/jobs/view/biopharmaceutical-account-manager-dallas-east-tx-at-lundbeck-4449436666,"BioPharmaceutical Account Manager - Dallas East, TX",Lundbeck,failed|wp_post_failed,2026-08-07T19:27:54.166366,
ad64be7493913881,https://www.linkedin.com/jobs/view/parttime-merchandise-manager-at-michaels-stores-4446272210,Parttime Merchandise Manager,Michaels Stores,failed|wp_post_failed,2026-08-07T19:28:12.497020,
b9842d1fd56fc0e3,https://www.linkedin.com/jobs/view/rn-home-health-at-enhabit-home-health-hospice-4448495865,RN Home Health,Enhabit Home Health &amp; Hospice,failed|wp_post_failed,2026-08-07T19:28:29.961063,
879acb86c096f083,https://www.linkedin.com/jobs/view/5400/,"1,000+Regional Product Marketing Manager Jobs in United States",,failed|wp_post_failed,2026-08-07T19:28:34.279000,
6f696c51af539e22,https://www.linkedin.com/jobs/view/house-manager-prn-at-breckenridge-village-4336782743,House Manager PRN,Breckenridge Village,failed|wp_post_failed,2026-08-07T19:28:53.316262,
7839cf14102738a3,https://www.linkedin.com/jobs/view/physical-therapist-orthosports-outpatient-texas-spine-joint-hospital-at-integrity-rehab-group-4450681719,Physical Therapist - OrthoSports Outpatient - Texas Spine & Joint Hospital,Integrity Rehab Group,failed|wp_post_failed,2026-08-07T19:29:11.281847,
6e0c3e3adfb22572,https://www.linkedin.com/jobs/view/retail-sales-%E2%80%93-part-time-at-lowe-s-companies-inc-4450672700,Retail Sales – Part Time,"Lowe's Companies, Inc.",failed|wp_post_failed,2026-08-07T19:29:29.290748,
5b8c95df9fc944ad,https://www.linkedin.com/jobs/view/assistant-director-of-nursing-adon-rn-at-hmr-veteran-s-services-llc-4437493064,Assistant Director of Nursing (ADON) - RN,"HMR Veteran's Services, LLC",failed|wp_post_failed,2026-08-07T19:29:47.839165,
15bca22d9cd01a88,https://www.linkedin.com/jobs/view/assistant-manager-new-store-j-crew-factory-at-j-crew-factory-4439504415,Assistant Manager - NEW STORE - J.Crew Factory,J.Crew Factory,failed|wp_post_failed,2026-08-07T19:30:06.632030,
787961d04231b1f6,https://www.linkedin.com/jobs/view/retail-travel-associate-inventory-at-wis-international-4448228259,Retail Travel Associate - Inventory,WIS International,failed|wp_post_failed,2026-08-07T19:30:25.116644,
805b8faf6bd52217,https://www.linkedin.com/jobs/view/assistant-store-manager-spirit-at-spirit-halloween-4432517137,Assistant Store Manager - Spirit,Spirit Halloween,failed|wp_post_failed,2026-08-07T19:30:43.084431,
9f77df15d0ee5bac,https://www.linkedin.com/jobs/view/retail-sales-support-the-village-at-cumberland-pa-at-bath-body-works-4446286190,Retail Sales Support-The Village at Cumberland Pa,Bath &amp; Body Works,failed|wp_post_failed,2026-08-07T19:31:01.476187,
0a5645172a70b812,https://www.linkedin.com/jobs/view/retail-key-holder-broadway-square-at-bath-body-works-4448488990,Retail Key Holder-BROADWAY SQUARE,Bath &amp; Body Works,failed|wp_post_failed,2026-08-07T19:31:19.995813,
0783ae80bffc8b1e,https://www.linkedin.com/jobs/view/np-pa-cardiothoracic-surgery-at-christus-health-4438022988,NP/PA - Cardiothoracic Surgery,CHRISTUS Health,failed|wp_post_failed,2026-08-07T19:31:38.097720,
8b1a1273ba331706,https://www.linkedin.com/jobs/view/catheterization-laboratory-technologist-i-cardiology-cath-at-christus-health-4447325099,Catheterization Laboratory Technologist I - Cardiology Cath,CHRISTUS Health,failed|wp_post_failed,2026-08-07T19:31:55.813233,
3ca9d7fd4b9e9545,https://www.linkedin.com/jobs/view/clinical-pharmacist-i-tyler-at-christus-health-4401284006,Clinical Pharmacist I - Tyler,CHRISTUS Health,failed|wp_post_failed,2026-08-07T19:32:15.384920,
71faa0c2488ae617,https://www.linkedin.com/jobs/view/application-system-analyst-lead-cadence-grand-central-prelude-at-christus-health-4437241013,Application System Analyst Lead - Cadence / Grand Central / Prelude,CHRISTUS Health,failed|wp_post_failed,2026-08-07T19:32:33.534184,
3076ea6c25d0c484,https://www.linkedin.com/jobs/view/physician-internal-medicine-at-christus-health-4438452103,Physician - Internal Medicine,CHRISTUS Health,failed|wp_post_failed,2026-08-07T19:32:50.865628,
49480f1925d1da09,https://www.linkedin.com/jobs/view/general-manager-08036-at-domino-s-4446263652,General Manager (08036),Domino's,failed|wp_post_failed,2026-08-07T19:33:08.830430,
0899240a77a70fc3,https://www.linkedin.com/jobs/view/medical-assistant-certified-endocrinology-at-christus-health-4447324134,Medical Assistant Certified - Endocrinology,CHRISTUS Health,failed|wp_post_failed,2026-08-07T19:33:27.898695,
2c063745a30fa832,https://www.linkedin.com/jobs/view/catheterization-laboratory-technologist-i-electrophysiology-at-christus-health-4436698091,Catheterization Laboratory Technologist I - Electrophysiology,CHRISTUS Health,failed|wp_post_failed,2026-08-07T19:33:46.209127,
d17df2b761b60162,https://www.linkedin.com/jobs/view/medical-assistant-certified-endocrinology-at-christus-health-4447311501,Medical Assistant Certified - Endocrinology,CHRISTUS Health,scraped,2026-08-07T19:33:50.296288,
fe42da6cfd9e1c89,https://www.linkedin.com/jobs/view/medical-assistant-certified-primary-pediatric-at-christus-health-4448498263,Medical Assistant Certified - Primary Pediatric,CHRISTUS Health,failed|wp_post_failed,2026-08-07T19:34:07.794739,
f3982620f3d23ecd,https://www.linkedin.com/jobs/view/medical-assistant-certified-vascular-surgery-at-christus-health-4445529756,Medical Assistant Certified - Vascular Surgery,CHRISTUS Health,failed|wp_post_failed,2026-08-07T19:34:25.745565,
288b8b526b900020,https://www.linkedin.com/jobs/view/specialty-coder-senior-multi-specialty-at-christus-health-4448480834,Specialty Coder Senior - Multi Specialty,CHRISTUS Health,failed|wp_post_failed,2026-08-07T19:34:43.647619,
7280f25f4cf46788,https://www.linkedin.com/jobs/view/physician-family-medicine-at-christus-health-4448078768,Physician - Family Medicine,CHRISTUS Health,failed|wp_post_failed,2026-08-07T19:35:01.174652,
d332dc7e59fc158f,https://www.linkedin.com/jobs/view/clinical-pharmacist-i-general-pharmacy-at-christus-health-4446266420,Clinical Pharmacist I - General Pharmacy,CHRISTUS Health,failed|wp_post_failed,2026-08-07T19:35:19.648393,
3d04c9b26f548632,https://www.linkedin.com/jobs/view/kitchen-team-indeed-event-at-panda-restaurant-group-4440785548,Kitchen Team (Indeed Event),Panda Restaurant Group,failed|wp_post_failed,2026-08-07T19:35:38.485441,
3f14f59274fe4dfa,https://www.linkedin.com/jobs/view/computed-tomography-technologist-radiology-diagnostic-at-christus-health-4445540510,Computed Tomography Technologist - Radiology Diagnostic,CHRISTUS Health,failed|wp_post_failed,2026-08-07T19:35:56.757868,
0c88e52c5ad5e305,https://www.linkedin.com/jobs/view/physician-family-medicine-at-christus-health-4445559465,Physician - Family Medicine,CHRISTUS Health,failed|wp_post_failed,2026-08-07T19:36:14.929813,
029d1b0596208ce2,https://www.linkedin.com/jobs/view/clinical-laboratory-scientist-ii-lab-admingeneral-at-christus-health-4446254312,Clinical Laboratory Scientist II - Lab AdminGeneral,CHRISTUS Health,failed|wp_post_failed,2026-08-07T19:36:33.202129,
bf4f0fc2969f5a6c,https://www.linkedin.com/jobs/view/medical-laboratory-technician-clinical-laboratory-scientist-laboratory-mfh-tyler-at-christus-health-4436685531,Medical Laboratory Technician / Clinical Laboratory Scientist - Laboratory MFH-Tyler,CHRISTUS Health,failed|wp_post_failed,2026-08-07T19:36:52.043625,
b78fc37e43417188,https://www.linkedin.com/jobs/view/healthcare-marketing-admissions-coordinator-long-term-care-at-creative-solutions-in-healthcare-4449196199,Healthcare Marketing/Admissions Coordinator - Long Term Care,Creative Solutions In HealthCare,failed|wp_post_failed,2026-08-07T19:37:09.832683,
747b6491bbb8782a,https://www.linkedin.com/jobs/view/radiology-technologist-radiology-diagnostic-at-christus-health-4445540511,Radiology Technologist - Radiology Diagnostic,CHRISTUS Health,failed|wp_post_failed,2026-08-07T19:37:27.552339,
86b87bbf8f089807,https://www.linkedin.com/jobs/view/physician-neurology-at-christus-health-4448080690,Physician - Neurology,CHRISTUS Health,failed|wp_post_failed,2026-08-07T19:37:45.721928,
75a1de8381e651b5,https://www.linkedin.com/jobs/view/physical-therapist-hospital-acute-care-at-christus-health-4438044250,Physical Therapist - Hospital Acute Care,CHRISTUS Health,failed|wp_post_failed,2026-08-07T19:38:04.376859,
761d707b2cbd4830,https://www.linkedin.com/jobs/view/medical-assistant-certified-orthopedic-surgery-work-location-may-differ-from-palestine-tx-at-christus-health-4438438857,"Medical Assistant Certified - Orthopedic Surgery *Work location may differ from Palestine, TX*",CHRISTUS Health,failed|wp_post_failed,2026-08-07T19:38:22.548425,
23a6c6537427bf39,https://www.linkedin.com/jobs/view/advanced-practice-provider-gurney-unit-at-the-university-of-texas-medical-branch-4448399988,Advanced Practice Provider - Gurney Unit,The University of Texas Medical Branch,failed|wp_post_failed,2026-08-07T19:38:42.370091,
87dfca44a1a88715,https://www.linkedin.com/jobs/view/host-at-bj-s-restaurants-inc-4380662130,Host,"BJ's Restaurants, Inc.",failed|wp_post_failed,2026-08-07T19:39:00.564399,
cff45054208acbc4,https://www.linkedin.com/jobs/view/physician-neurology-at-christus-health-4401284007,Physician - Neurology,CHRISTUS Health,scraped,2026-08-07T19:39:04.537535,
eda003aa2f634a3f,https://www.linkedin.com/jobs/view/medical-lab-technician-jacksonville-at-christus-health-4448488397,Medical Lab Technician - Jacksonville,CHRISTUS Health,failed|wp_post_failed,2026-08-07T19:39:23.625701,
204a49ac461b54cb,https://www.linkedin.com/jobs/view/physical-therapist-outpatient-health-park-herrington-ornelas-at-christus-health-4438757837,Physical Therapist - Outpatient (Health Park - Herrington-Ornelas),CHRISTUS Health,failed|wp_post_failed,2026-08-07T19:39:41.645440,
58c156bd4258dff0,https://www.linkedin.com/jobs/view/christus-dod-skillbridge-program-mother-frances-hospital-tyler-at-christus-health-4401276919,CHRISTUS DOD SkillBridge Program - Mother Frances Hospital Tyler,CHRISTUS Health,failed|wp_post_failed,2026-08-07T19:39:59.388331,
3c70bd50022953c5,https://www.linkedin.com/jobs/view/accounting-intern-at-heartland-security-insurance-group-4449138500,Accounting Intern,Heartland Security Insurance Group,failed|wp_post_failed,2026-08-07T19:40:18.345328,
9995b6f17c0d2e8e,https://www.linkedin.com/jobs/view/cashier-at-brookshire-grocery-company-4448660946,Cashier,Brookshire Grocery Company,failed|wp_post_failed,2026-08-07T19:40:37.381146,
c113131507ab20f1,https://www.linkedin.com/jobs/view/part-time-sales-associate-at-the-tjx-companies-inc-4448241301,Part Time Sales Associate,"The TJX Companies, Inc.",failed|wp_post_failed,2026-08-07T19:40:55.643279,
d185281708a80b72,https://www.linkedin.com/jobs/view/showing-assistant-real-estate-at-place-network-agents-4448413504,Showing Assistant Real Estate,Place Network Agents,failed|wp_post_failed,2026-08-07T19:41:13.629320,
8496e86c3a964b7f,https://www.linkedin.com/jobs/view/sales-associate-at-j-crew-factory-4447846188,Sales Associate,J.Crew Factory,failed|wp_post_failed,2026-08-07T19:41:32.387323,
abcb8ececa984fa9,https://www.linkedin.com/jobs/view/part-time-sales-associate-famous-footwear-at-famous-footwear-4440766908,Part-Time Sales Associate - Famous Footwear,Famous Footwear,failed|wp_post_failed,2026-08-07T19:41:50.629654,
65bb5f2e68edd037,https://www.linkedin.com/jobs/view/behavior-assistant-with-team-pbs-in-texas-at-positive-behavior-supports-corp-4450669994,Behavior Assistant with Team PBS in Texas,Positive Behavior Supports Corp.,failed|wp_post_failed,2026-08-07T19:42:08.729232,
56a9528c98b9a667,https://www.linkedin.com/jobs/view/retail-inventory-associate-%E2%80%93-mornings-at-wis-international-4448233071,Retail Inventory Associate – Mornings,WIS International,failed|wp_post_failed,2026-08-07T19:42:26.904891,
0284ae5f2d49ccea,https://www.linkedin.com/jobs/view/travel-physical-therapy-assistant-%241-476-per-week-at-coast-medical-service-4449673116,"Travel Physical Therapy Assistant - $1,476 per week",Coast Medical Service,failed|wp_post_failed,2026-08-07T19:42:45.838054,
b4ddb75ae92a4a6d,https://www.linkedin.com/jobs/view/maintenance-o-n-position-at-walmart-4448614101,Maintenance O/N Position,Walmart,failed|wp_post_failed,2026-08-07T19:43:03.940327,
2391b734a8c791f3,https://www.linkedin.com/jobs/view/product-demonstrator-part-time-at-crossmark-4409632758,Product Demonstrator Part Time,CROSSMARK,failed|wp_post_failed,2026-08-07T19:43:22.094680,
0dc3a607b79a085d,https://www.linkedin.com/jobs/view/sales-associate-spirit-at-spirit-halloween-4432502493,Sales Associate - Spirit,Spirit Halloween,failed|wp_post_failed,2026-08-07T19:43:40.639526,
8709a3b10a4034cc,https://www.linkedin.com/jobs/view/field-roof-inspector-tyler-tx-at-hancock-claims-consultants-4448070201,"Field Roof Inspector  (Tyler, TX)",Hancock Claims Consultants,failed|wp_post_failed,2026-08-07T19:43:58.374563,
aacd004a13d3cbf8,https://www.linkedin.com/jobs/view/rn-hospice-at-enhabit-home-health-hospice-4449064456,RN - Hospice,Enhabit Home Health &amp; Hospice,failed|wp_post_failed,2026-08-07T19:44:16.535523,
ebe4bc978545a66c,https://www.linkedin.com/jobs/view/new-product-introduction-manager-food-production-at-technosphere-inc-4446659046,New Product Introduction Manager(Food Production),"TechnoSphere, Inc.",failed|wp_post_failed,2026-08-07T19:44:34.128122,
aa34424cd0d9caed,https://www.linkedin.com/jobs/view/team-member-cashier-sales-associate-retail-at-tractor-supply-company-4439382367,Team Member - Cashier/Sales Associate/Retail,Tractor Supply Company,failed|wp_post_failed,2026-08-07T19:44:55.093201,
31d168a4815d911f,https://www.linkedin.com/jobs/view/tax-audit-intern-at-gollob-morgan-peddy-inc-4392015629,Tax & Audit Intern,Gollob Morgan Peddy Inc,failed|wp_post_failed,2026-08-07T19:45:14.665690,
c9127f55f470aed4,https://www.linkedin.com/jobs/view/team-member-at-tractor-supply-company-4439373526,Team Member,Tractor Supply Company,failed|wp_post_failed,2026-08-07T19:45:32.871134,
5c18036357b866d1,https://www.linkedin.com/jobs/view/wireless-sales-pro-at-premium-retail-services-4341184237,Wireless Sales Pro,Premium Retail Services,failed|wp_post_failed,2026-08-07T19:45:50.908292,
90b53eefa37114ac,https://www.linkedin.com/jobs/view/private-swim-instructor-at-instaswim-4448487734,Private Swim Instructor,InstaSwim,failed|wp_post_failed,2026-08-07T19:46:09.586269,
ed3dfa708f993240,https://www.linkedin.com/jobs/view/customer-service-rep-06833-1926-crockett-rd-palestine-tx-75801-at-domino-s-4447320348,"Customer Service Rep(06833) - 1926 Crockett Rd, Palestine, Tx 75801",Domino's,failed|wp_post_failed,2026-08-07T19:46:28.734920,
28c5436c1f35a3a5,https://www.linkedin.com/jobs/view/delivery-driver-store-associate-at-sherwin-williams-4450277799,Delivery Driver / Store Associate,Sherwin-Williams,failed|wp_post_failed,2026-08-07T19:46:46.733755,
cccf27a601868d0f,https://www.linkedin.com/jobs/view/icu-registered-nurse-at-jobot-4438080234,ICU Registered Nurse,Jobot,failed|wp_post_failed,2026-08-07T19:47:04.390814,
088133367347f185,https://www.linkedin.com/jobs/view/transportation-cna-van-driver-at-touchstone-communities-4450023685,Transportation CNA- Van Driver,Touchstone Communities,failed|wp_post_failed,2026-08-07T19:47:22.671914,
2ec322b5fcf88732,https://www.linkedin.com/jobs/view/taco-bell-team-member-at-pilot-company-4450279578,Taco Bell Team Member,Pilot Company,failed|wp_post_failed,2026-08-07T19:47:41.088858,
a05f2db5d7d5bd6a,https://www.linkedin.com/jobs/view/crockett-produce-perishables-rep-part-time-at-h-e-b-4449933993,Crockett Produce - Perishables Rep - Part time,H-E-B,failed|wp_post_failed,2026-08-07T19:47:59.377133,
16fbe023de7f4b86,https://www.linkedin.com/jobs/view/travel-interventional-radiology-technologist-%242-830-per-week-at-national-staffing-solutions-4447825601,"Travel Interventional Radiology Technologist - $2,830 per week",National Staffing Solutions,failed|wp_post_failed,2026-08-07T19:48:17.090209,
86147105c173c2b6,https://www.linkedin.com/jobs/view/travel-interventional-radiology-technologist-%243-358-per-week-at-a-t-staffing-4448663073,"Travel Interventional Radiology Technologist - $3,358 per week",A.T. STAFFING,failed|wp_post_failed,2026-08-07T19:48:34.353913,
95322decb65750c8,https://www.linkedin.com/jobs/view/piping-superintendent-power-construction-at-tic-the-industrial-company-4427237408,Piping Superintendent - Power Construction,TIC - The Industrial Company,failed|wp_post_failed,2026-08-07T19:48:53.055617,
8b4e80b415286cb1,https://www.linkedin.com/jobs/view/deli-production-team-member-at-pilot-flying-j-4445582837,Deli Production Team Member,Pilot Flying J,failed|wp_post_failed,2026-08-07T19:49:11.033945,
fd95770f9c4968b0,https://www.linkedin.com/jobs/view/food-service-worker-part-time-at-compass-healthcare-4447221847,FOOD SERVICE WORKER (PART TIME),Compass Healthcare,failed|wp_post_failed,2026-08-07T19:49:29.176468,
8bdddc340e5b5f2b,https://www.linkedin.com/jobs/view/leasing-specialist-part-time-at-pivotal-housing-partners-4449443305,Leasing Specialist - Part Time,Pivotal Housing Partners,failed|wp_post_failed,2026-08-07T19:49:48.200333,
63a9f409a76b2131,https://www.linkedin.com/jobs/view/travel-interventional-radiology-technologist-%243-126-per-week-at-junxion-med-staffing-4447810816,"Travel Interventional Radiology Technologist - $3,126 per week",Junxion Med Staffing,failed|wp_post_failed,2026-08-07T19:50:07.181660,
54329329b44c8f5a,https://www.linkedin.com/jobs/view/certified-nursing-assistant-cna-at-avir-health-group-4447614629,Certified Nursing Assistant CNA,Avir Health Group,failed|wp_post_failed,2026-08-07T19:50:25.063834,
bcd741f45d5ca876,https://www.linkedin.com/jobs/view/quality-engineer-post-market-at-argon-medical-devices-inc-4449065880,Quality Engineer - Post Market,"Argon Medical Devices, Inc.",failed|wp_post_failed,2026-08-07T19:50:43.141122,
8b4e9b86964cdbf0,https://www.linkedin.com/jobs/view/lead-extrusion-engineer-at-manpowergroup-4447788614,Lead Extrusion Engineer,ManpowerGroup,failed|wp_post_failed,2026-08-07T19:51:01.622292,
d9c7011604e476f2,https://www.linkedin.com/jobs/view/senior-piping-designer-at-jasper-ventures-inc-4449214001,Senior Piping Designer,"Jasper Ventures, Inc.",failed|wp_post_failed,2026-08-07T19:51:19.537337,
d63b85790c48ef5e,https://www.linkedin.com/jobs/view/certified-nursing-assistant-cna-at-avir-health-group-4449763873,Certified Nursing Assistant CNA,Avir Health Group,failed|wp_post_failed,2026-08-07T19:51:37.373162,
08e6960732441b6d,https://www.linkedin.com/jobs/view/travel-telemetry-rn-%241-468-per-week-at-medical-solutions-4450737592,"Travel Telemetry RN - $1,468 per week",Medical Solutions,failed|wp_post_failed,2026-08-07T19:51:56.379464,
73c24fe42bbef624,https://www.linkedin.com/jobs/view/travel-physical-therapist-assistant-%241-484-per-week-at-jackson-therapy-partners-4449439732,"Travel Physical Therapist Assistant - $1,484 per week",Jackson Therapy Partners,failed|wp_post_failed,2026-08-07T19:52:14.737455,
cdb99eaa92bf3324,https://www.linkedin.com/jobs/view/charge-nurse-lvn-or-rn-at-ut-health-northeast-4448895145,Charge Nurse - LVN or RN,UT Health Northeast,failed|wp_post_failed,2026-08-07T19:52:34.125586,
e57e4c84f7a60669,https://www.linkedin.com/jobs/view/travel-telemetry-rn-%241-526-per-week-at-host-healthcare-inc-4449472184,"Travel Telemetry RN - $1,526 per week","Host Healthcare, Inc.",failed|wp_post_failed,2026-08-07T19:52:52.558511,
3e30f8fac5a06cd5,https://www.linkedin.com/jobs/view/travel-operating-room-registered-nurse-%242-332-per-week-at-malone-healthcare-solutions-4450675097,"Travel Operating Room Registered Nurse - $2,332 per week",Malone Healthcare Solutions,failed|wp_post_failed,2026-08-07T19:53:10.978460,
bd55e804e805531a,https://www.linkedin.com/jobs/view/certified-nursing-assistant-cna-2-10-at-opco-skilled-management-4448253634,Certified Nursing Assistant (CNA) 2-10,OPCO Skilled Management,failed|wp_post_failed,2026-08-07T19:53:28.743514,
83cec6b2b22078a3,https://www.linkedin.com/jobs/view/treatment-nurse-lvn-or-rn-at-creative-solutions-in-healthcare-4448568210,Treatment Nurse - LVN or RN,Creative Solutions In HealthCare,failed|wp_post_failed,2026-08-07T19:53:46.545081,
900d0806388c1570,https://www.linkedin.com/jobs/view/field-engineer-intern-power-market-summer-2027-at-kiewit-4448537831,Field Engineer Intern - Power Market (Summer 2027),Kiewit,failed|wp_post_failed,2026-08-07T19:54:04.947163,
92cb34a364a520c1,https://www.linkedin.com/jobs/view/travel-nurse-rn-intensive-care-unit-icu-critical-care-%241-375-to-%241-525-per-week-in-tyler-tx-at-travelnursesource-4448176701,"Travel Nurse RN - Intensive Care Unit (ICU) / Critical Care - $1,375 to $1,525 per week in Tyler, TX",TravelNurseSource,failed|wp_post_failed,2026-08-07T19:54:23.078431,
886209d0e1d999f5,https://www.linkedin.com/jobs/view/travel-physical-therapist-%241-868-per-week-at-coast-medical-service-4448106947,"Travel Physical Therapist - $1,868 per week",Coast Medical Service,failed|wp_post_failed,2026-08-07T19:54:41.070010,
055c7ca33b1f9d7e,https://www.linkedin.com/jobs/view/travel-medical-surgical-rn-%241-400-per-week-at-cross-country-nurses-4449491144,"Travel Medical-Surgical RN - $1,400 per week",Cross Country Nurses,failed|wp_post_failed,2026-08-07T19:55:00.290820,
c9a698f103dbb3ff,https://www.linkedin.com/jobs/view/outpatient-registered-nurse-rn-at-fresenius-medical-care-4447726392,Outpatient Registered Nurse - RN,,scraped,2026-08-07T19:55:02.821499,
8fe63ad06ceb8ef8,https://www.linkedin.com/jobs/view/licensed-vocational-nurse-clinic-hiring-incentive-available-tyler-specialty-obgyn-at-christus-health-4440640315,Licensed Vocational Nurse Clinic- Hiring Incentive Available - Tyler Specialty OBGYN,CHRISTUS Health,failed|wp_post_failed,2026-08-07T19:55:26.235815,
164f9ddcd517f8f7,https://www.linkedin.com/jobs/view/physician-advanced-endoscopy-gastroenterologist-at-christus-health-4436651075,Physician - Advanced Endoscopy Gastroenterologist,CHRISTUS Health,failed|wp_post_failed,2026-08-07T19:55:44.547519,
69c7bc2120139919,https://www.linkedin.com/jobs/view/team-member-cashier-sales-associate-retail-at-tractor-supply-company-4439383349,Team Member - Cashier/Sales Associate/Retail,Tractor Supply Company,failed|wp_post_failed,2026-08-07T19:56:02.994666,
50f6aeed1a0e2ecd,https://www.linkedin.com/jobs/view/team-member-at-tractor-supply-company-4439382376,Team Member,Tractor Supply Company,failed|wp_post_failed,2026-08-07T19:56:21.506584,
35d15832543d87f9,https://www.linkedin.com/jobs/view/physician-orthopedic-foot-ankle-surgeon-at-christus-health-4445546671,Physician - Orthopedic Foot & Ankle Surgeon,CHRISTUS Health,failed|wp_post_failed,2026-08-07T19:56:40.092664,
a8c203d334373b9b,https://www.linkedin.com/jobs/view/real-estate-agent-licensed-and-soon-to-be-licensed-at-place-network-agents-4448022203,Real Estate Agent (Licensed and Soon to Be Licensed),Place Network Agents,failed|wp_post_failed,2026-08-07T19:56:57.864654,
702ba74aa223277d,https://www.linkedin.com/jobs/view/crna-certified-registered-nurse-anesthetist-at-christus-health-4445551562,"CRNA, Certified Registered Nurse Anesthetist",CHRISTUS Health,failed|wp_post_failed,2026-08-07T19:57:15.870735,
654c4a42712aeb3f,https://www.linkedin.com/jobs/view/physician-pediatric-neurologist-at-christus-health-4401266963,Physician - Pediatric Neurologist,CHRISTUS Health,failed|wp_post_failed,2026-08-07T19:57:34.909043,
78a9d75b1b150a37,https://www.linkedin.com/jobs/view/np-pa-infectious-disease-at-christus-health-4445868005,NP/PA - Infectious Disease,CHRISTUS Health,failed|wp_post_failed,2026-08-07T19:57:53.263245,
d49f1b687cf0df56,https://www.linkedin.com/jobs/view/licensed-vocational-nurse-clinic-primary-family-medicine-hiring-incentive-available-at-christus-health-4441145810,Licensed Vocational Nurse Clinic - Primary Family Medicine *Hiring Incentive Available*,CHRISTUS Health,failed|wp_post_failed,2026-08-07T19:58:11.584144,
80bd4a9714e30b99,https://www.linkedin.com/jobs/view/care-manager-prn-case-management-at-christus-health-4447322195,Care Manager PRN - Case Management,CHRISTUS Health,failed|wp_post_failed,2026-08-07T19:58:29.897969,
cba991c2ae2488c4,https://www.linkedin.com/jobs/view/physician-%E2%80%93-oculoplastic-ophthalmologist-at-christus-health-4401276917,Physician – Oculoplastic Ophthalmologist,CHRISTUS Health,failed|wp_post_failed,2026-08-07T19:58:48.350585,
67e6b4137775176a,https://www.linkedin.com/jobs/view/team-member-cashier-sales-associate-retail-at-tractor-supply-company-4439383358,Team Member - Cashier/Sales Associate/Retail,Tractor Supply Company,failed|wp_post_failed,2026-08-07T19:59:06.283036,
88d103606112f913,https://www.linkedin.com/jobs/view/registered-nurse-program-manager-arrhythmia-center-at-christus-health-4448950124,Registered Nurse Program Manager - Arrhythmia Center,CHRISTUS Health,failed|wp_post_failed,2026-08-07T19:59:24.118581,
891b67a188ae791a,https://www.linkedin.com/jobs/view/licensed-vocational-nurse-clinic-endocrinology-hiring-incentive-available-at-christus-health-4448818009,Licensed Vocational Nurse Clinic - Endocrinology - Hiring Incentive Available,CHRISTUS Health,failed|wp_post_failed,2026-08-07T19:59:42.410830,
41d3c4bf3ef14ab7,https://www.linkedin.com/jobs/view/shift-supervisor-at-cvs-health-4449995531,Shift Supervisor,CVS Health,failed|wp_post_failed,2026-08-07T20:00:00.947829,
5089b479609c05bd,https://www.linkedin.com/jobs/view/stocking-team-associate-at-walmart-4334632883,Stocking Team Associate,Walmart,failed|wp_post_failed,2026-08-07T20:00:19.726440,
74950d294d534036,https://www.linkedin.com/jobs/view/certified-nursing-assistant-acute-medsurgical-c-at-christus-health-4447686484,Certified Nursing Assistant - Acute MedSurgical C,CHRISTUS Health,failed|wp_post_failed,2026-08-07T20:00:37.943609,
0f50202d71feb4e0,https://www.linkedin.com/jobs/view/certified-pharmacy-technician-at-walmart-4439398588,Certified Pharmacy Technician,Walmart,failed|wp_post_failed,2026-08-07T20:00:56.831449,
720a1f4af3f07390,https://www.linkedin.com/jobs/view/team-member-cashier-sales-associate-retail-at-tractor-supply-company-4439377500,Team Member - Cashier/Sales Associate/Retail,Tractor Supply Company,failed|wp_post_failed,2026-08-07T20:01:16.044973,
49a1b061d7dcae07,https://www.linkedin.com/jobs/view/registered-nurse-emergency-department-at-christus-health-4447184885,Registered Nurse - Emergency Department,CHRISTUS Health,failed|wp_post_failed,2026-08-07T20:01:34.083391,
006db5b6ae6d657d,https://www.linkedin.com/jobs/view/registered-nurse-rn-pre-op-at-ut-health-east-texas-4448663759,Registered Nurse / RN Pre-Op,UT Health East Texas,failed|wp_post_failed,2026-08-07T20:01:52.641765,
09903a6399a24b12,https://www.linkedin.com/jobs/view/checkout-team-associate-at-walmart-4439780122,Checkout Team Associate,Walmart,failed|wp_post_failed,2026-08-07T20:02:11.705016,
ea2e5962f6ac9ac4,https://www.linkedin.com/jobs/view/registered-nurse-emergency-department-at-christus-health-4450045759,Registered Nurse - Emergency Department,CHRISTUS Health,scraped,2026-08-07T20:02:15.903242,
f0d91a6804d678b4,https://www.linkedin.com/jobs/view/wireless-sales-pro-at-premium-retail-services-4341174178,Wireless Sales Pro,Premium Retail Services,failed|wp_post_failed,2026-08-07T20:02:34.318670,
e2dcfe7a6f155db7,https://www.linkedin.com/jobs/view/auto-care-center-technician-at-walmart-4440897098,Auto Care Center Technician,Walmart,failed|wp_post_failed,2026-08-07T20:02:53.450110,
3925782ede298a7e,https://www.linkedin.com/jobs/view/checkout-team-associate-at-walmart-4384582274,Checkout Team Associate,Walmart,failed|wp_post_failed,2026-08-07T20:03:12.750957,
633b1515cc48686f,https://www.linkedin.com/jobs/view/licensed-vocational-nurse-clinic-neurosurgery-hiring-incentive-available-at-christus-health-4450046727,Licensed Vocational Nurse Clinic - Neurosurgery * Hiring Incentive Available*,CHRISTUS Health,failed|wp_post_failed,2026-08-07T20:03:31.348272,
57215c356d72b22e,https://www.linkedin.com/jobs/view/registered-nurse-clinical-educator-ii-clinical-education-at-christus-health-4447186865,Registered Nurse Clinical Educator II - Clinical Education,CHRISTUS Health,failed|wp_post_failed,2026-08-07T20:03:50.464016,
affb683de5d49c9a,https://www.linkedin.com/jobs/view/registered-nurse-transfer-center-patient-intake-at-christus-health-4447426536,Registered Nurse Transfer Center - Patient Intake,CHRISTUS Health,failed|wp_post_failed,2026-08-07T20:04:08.894763,
b141fd86ee40b33e,https://www.linkedin.com/jobs/view/charge-nurse-rn-or-at-ut-health-east-texas-4447711996,Charge Nurse / RN OR,UT Health East Texas,failed|wp_post_failed,2026-08-07T20:04:27.943269,
70b17cdf40c6004c,https://www.linkedin.com/jobs/view/travel-physical-therapist-%241-627-per-week-at-ahs-staffing-4450013684,"Travel Physical Therapist - $1,627 per week",AHS Staffing,failed|wp_post_failed,2026-08-07T20:04:46.314820,
5c26949a07ce4d71,https://www.linkedin.com/jobs/view/registered-nurse-pre-operative-at-christus-health-4448947148,Registered Nurse - Pre Operative,CHRISTUS Health,failed|wp_post_failed,2026-08-07T20:05:05.386721,
b2f2f952101f2701,https://www.linkedin.com/jobs/view/physical-therapy-assistant-pta-at-ut-health-east-texas-4448666679,Physical Therapy Assistant / PTA,UT Health East Texas,failed|wp_post_failed,2026-08-07T20:05:23.770287,
149b5b4400e79934,https://www.linkedin.com/jobs/view/speech-language-pathologist-slp-at-avir-health-group-4447412186,Speech Language Pathologist SLP,Avir Health Group,failed|wp_post_failed,2026-08-07T20:05:41.702240,
f7bcbafbe5713daf,https://www.linkedin.com/jobs/view/registered-nurse-icu-cardiovascular-at-christus-health-4447400089,Registered Nurse - ICU CardioVascular,CHRISTUS Health,failed|wp_post_failed,2026-08-07T20:05:59.761136,
3b80206f83218c57,https://www.linkedin.com/jobs/view/registered-nurse-icu-cardiovascular-at-christus-health-4447181927,Registered Nurse - ICU CardioVascular,CHRISTUS Health,scraped,2026-08-07T20:06:03.887525,
10e2ff0035212b0a,https://www.linkedin.com/jobs/view/registered-nurse-icu-cardiovascular-at-christus-health-4448954034,Registered Nurse - ICU CardioVascular,CHRISTUS Health,scraped,2026-08-07T20:06:07.898737,
3380553e8cde6573,https://www.linkedin.com/jobs/view/rn-registered-nurse-icu-pediatric-at-christus-health-4448692971,"RN, Registered Nurse - ICU Pediatric",CHRISTUS Health,failed|wp_post_failed,2026-08-07T20:06:26.362840,
5fc7d57d27f0d992,https://www.linkedin.com/jobs/view/supervisor-registered-nurse-nursing-leadership-at-christus-health-4448936275,Supervisor Registered Nurse - Nursing Leadership,CHRISTUS Health,failed|wp_post_failed,2026-08-07T20:06:44.208192,
d6f440c49c4ecf5a,https://www.linkedin.com/jobs/view/registered-nurse-acute-medsurgical-c-at-christus-health-4439814315,Registered Nurse - Acute MedSurgical C,CHRISTUS Health,failed|wp_post_failed,2026-08-07T20:07:02.215780,
02d254b0075bdf9b,https://www.linkedin.com/jobs/view/registered-nurse-acute-medsurgical-c-at-christus-health-4441115242,Registered Nurse - Acute MedSurgical C,CHRISTUS Health,scraped,2026-08-07T20:07:06.357916,
196285680c735db8,https://www.linkedin.com/jobs/view/licensed-vocational-nurse-lvn-at-avir-health-group-4447675019,Licensed Vocational Nurse (LVN),Avir Health Group,failed|wp_post_failed,2026-08-07T20:07:24.650655,
6f7a73b340addf7b,https://www.linkedin.com/jobs/view/senior-quality-engineer-at-argon-medical-devices-inc-4448630628,Senior Quality Engineer,"Argon Medical Devices, Inc.",failed|wp_post_failed,2026-08-07T20:07:42.570206,
e59ca98efb430158,https://www.linkedin.com/jobs/view/nnp-neonatal-nurse-practitioner-nicu-at-christus-health-4438760798,NNP - Neonatal Nurse Practitioner - NICU,CHRISTUS Health,failed|wp_post_failed,2026-08-07T20:08:00.003728,
f2045b7b4ae9cacb,https://www.linkedin.com/jobs/view/prn-licensed-vocational-nurse-lvn-at-avir-health-group-4448215651,PRN Licensed Vocational Nurse LVN,Avir Health Group,failed|wp_post_failed,2026-08-07T20:08:17.941030,
412950171879939f,https://www.linkedin.com/jobs/view/rn-registered-nurse-med-surg-icu-at-christus-health-4439469714,"RN, Registered Nurse - Med/Surg ICU",CHRISTUS Health,failed|wp_post_failed,2026-08-07T20:08:36.061169,
a18cf2de1b851c5b,https://www.linkedin.com/jobs/view/registered-nurse-acute-medsurgical-d-at-christus-health-4447192748,Registered Nurse - Acute MedSurgical D,CHRISTUS Health,failed|wp_post_failed,2026-08-07T20:08:53.656492,
89492994ee3100aa,https://www.linkedin.com/jobs/view/physical-therapist-jacksonville-at-christus-health-4436685533,Physical Therapist - Jacksonville,CHRISTUS Health,failed|wp_post_failed,2026-08-07T20:09:11.768187,
87dd1e7de2d460da,https://www.linkedin.com/jobs/view/registered-nurse-rn-at-avir-health-group-4447675026,Registered Nurse RN,Avir Health Group,failed|wp_post_failed,2026-08-07T20:09:30.543597,
